bank,customer_id,TrueEntityID,entity_type,in_both_banks,records_for_entity
Harbourside Bank,HB-10009,TRUE-0001,Individual,N,1
Harbourside Bank,HB-10012,TRUE-0002,Individual,N,1
Harbourside Bank,HB-10015,TRUE-0003,Individual,N,1
Harbourside Bank,HB-10020,TRUE-0004,Individual,N,1
Harbourside Bank,HB-10022,TRUE-0005,Individual,N,1
Harbourside Bank,HB-10028,TRUE-0006,Individual,N,1
Harbourside Bank,HB-10032,TRUE-0007,Individual,N,1
Harbourside Bank,HB-10033,TRUE-0008,Individual,N,1
Harbourside Bank,HB-10037,TRUE-0009,Individual,N,1
Harbourside Bank,HB-10046,TRUE-0010,Individual,N,1
Harbourside Bank,HB-10052,TRUE-0011,Individual,N,1
Harbourside Bank,HB-10057,TRUE-0012,Individual,N,1
Harbourside Bank,HB-10065,TRUE-0013,Individual,N,2
Harbourside Bank,HB-11348,TRUE-0013,Individual,N,2
Harbourside Bank,HB-10067,TRUE-0014,Individual,N,1
Harbourside Bank,HB-10074,TRUE-0015,Individual,N,1
Harbourside Bank,HB-10082,TRUE-0016,Individual,N,1
Harbourside Bank,HB-10085,TRUE-0017,Individual,N,1
Harbourside Bank,HB-10093,TRUE-0018,Individual,N,1
Harbourside Bank,HB-10095,TRUE-0019,Individual,N,1
Harbourside Bank,HB-10097,TRUE-0020,Individual,N,1
Harbourside Bank,HB-10103,TRUE-0021,Individual,N,1
Harbourside Bank,HB-10108,TRUE-0022,Individual,N,1
Harbourside Bank,HB-10110,TRUE-0023,Individual,N,1
Harbourside Bank,HB-10114,TRUE-0024,Individual,N,2
Harbourside Bank,HB-11360,TRUE-0024,Individual,N,2
Harbourside Bank,HB-10117,TRUE-0025,Individual,N,1
Harbourside Bank,HB-10120,TRUE-0026,Individual,N,1
Harbourside Bank,HB-10127,TRUE-0027,Individual,N,1
Harbourside Bank,HB-10134,TRUE-0028,Individual,N,1
Harbourside Bank,HB-10141,TRUE-0029,Individual,N,1
Harbourside Bank,HB-10150,TRUE-0030,Individual,N,1
Harbourside Bank,HB-10157,TRUE-0031,Individual,N,1
Harbourside Bank,HB-10163,TRUE-0032,Individual,N,1
Harbourside Bank,HB-10164,TRUE-0033,Individual,N,1
Harbourside Bank,HB-10167,TRUE-0034,Individual,N,1
Harbourside Bank,HB-10171,TRUE-0035,Individual,N,1
Harbourside Bank,HB-10180,TRUE-0036,Individual,N,1
Harbourside Bank,HB-10183,TRUE-0037,Individual,N,1
Harbourside Bank,HB-10192,TRUE-0038,Individual,N,1
Harbourside Bank,HB-10198,TRUE-0039,Individual,N,1
Harbourside Bank,HB-10203,TRUE-0040,Individual,N,1
Harbourside Bank,HB-10207,TRUE-0041,Individual,N,1
Harbourside Bank,HB-10208,TRUE-0042,Individual,N,1
Harbourside Bank,HB-10213,TRUE-0043,Individual,N,1
Harbourside Bank,HB-10221,TRUE-0044,Individual,N,1
Harbourside Bank,HB-10227,TRUE-0045,Individual,N,1
Harbourside Bank,HB-10230,TRUE-0046,Individual,N,1
Harbourside Bank,HB-10231,TRUE-0047,Individual,N,1
Harbourside Bank,HB-10233,TRUE-0048,Individual,N,1
Harbourside Bank,HB-10240,TRUE-0049,Individual,N,1
Harbourside Bank,HB-10241,TRUE-0050,Individual,N,1
Harbourside Bank,HB-10243,TRUE-0051,Individual,N,1
Harbourside Bank,HB-10246,TRUE-0052,Individual,N,1
Harbourside Bank,HB-10253,TRUE-0053,Individual,N,1
Harbourside Bank,HB-10256,TRUE-0054,Individual,N,1
Harbourside Bank,HB-10262,TRUE-0055,Individual,N,1
Harbourside Bank,HB-10270,TRUE-0056,Individual,N,1
Harbourside Bank,HB-10276,TRUE-0057,Individual,N,1
Harbourside Bank,HB-10278,TRUE-0058,Individual,N,1
Harbourside Bank,HB-10281,TRUE-0059,Individual,N,1
Harbourside Bank,HB-10288,TRUE-0060,Individual,N,1
Harbourside Bank,HB-10290,TRUE-0061,Individual,N,1
Harbourside Bank,HB-10294,TRUE-0062,Individual,N,1
Harbourside Bank,HB-10299,TRUE-0063,Individual,N,1
Harbourside Bank,HB-10308,TRUE-0064,Individual,N,1
Harbourside Bank,HB-10313,TRUE-0065,Individual,N,1
Harbourside Bank,HB-10322,TRUE-0066,Individual,N,1
Harbourside Bank,HB-10327,TRUE-0067,Individual,N,1
Harbourside Bank,HB-10328,TRUE-0068,Individual,N,1
Harbourside Bank,HB-10334,TRUE-0069,Individual,N,1
Harbourside Bank,HB-10339,TRUE-0070,Individual,N,1
Harbourside Bank,HB-10342,TRUE-0071,Individual,N,1
Harbourside Bank,HB-10348,TRUE-0072,Individual,N,1
Harbourside Bank,HB-10356,TRUE-0073,Individual,N,1
Harbourside Bank,HB-10360,TRUE-0074,Individual,N,1
Harbourside Bank,HB-10369,TRUE-0075,Individual,N,1
Harbourside Bank,HB-10372,TRUE-0076,Individual,N,1
Harbourside Bank,HB-10374,TRUE-0077,Individual,N,1
Harbourside Bank,HB-10377,TRUE-0078,Individual,N,1
Harbourside Bank,HB-10379,TRUE-0079,Individual,N,1
Harbourside Bank,HB-10388,TRUE-0080,Individual,N,1
Harbourside Bank,HB-10389,TRUE-0081,Individual,N,1
Harbourside Bank,HB-10394,TRUE-0082,Individual,N,1
Harbourside Bank,HB-10402,TRUE-0083,Individual,N,1
Harbourside Bank,HB-10408,TRUE-0084,Individual,N,1
Harbourside Bank,HB-10415,TRUE-0085,Individual,N,1
Harbourside Bank,HB-10416,TRUE-0086,Individual,N,1
Harbourside Bank,HB-10419,TRUE-0087,Individual,N,1
Harbourside Bank,HB-10421,TRUE-0088,Individual,N,1
Harbourside Bank,HB-10428,TRUE-0089,Individual,N,1
Harbourside Bank,HB-10437,TRUE-0090,Individual,N,1
Harbourside Bank,HB-10439,TRUE-0091,Individual,N,1
Harbourside Bank,HB-10440,TRUE-0092,Individual,N,1
Harbourside Bank,HB-10449,TRUE-0093,Individual,N,1
Harbourside Bank,HB-10457,TRUE-0094,Individual,N,1
Harbourside Bank,HB-10465,TRUE-0095,Individual,N,1
Harbourside Bank,HB-10474,TRUE-0096,Individual,N,1
Harbourside Bank,HB-10478,TRUE-0097,Individual,N,1
Harbourside Bank,HB-10485,TRUE-0098,Individual,N,1
Harbourside Bank,HB-10489,TRUE-0099,Individual,N,1
Harbourside Bank,HB-10495,TRUE-0100,Individual,N,1
Harbourside Bank,HB-10497,TRUE-0101,Individual,N,1
Harbourside Bank,HB-10498,TRUE-0102,Individual,N,1
Harbourside Bank,HB-10499,TRUE-0103,Individual,N,1
Harbourside Bank,HB-10501,TRUE-0104,Individual,N,1
Harbourside Bank,HB-10507,TRUE-0105,Individual,N,1
Harbourside Bank,HB-10510,TRUE-0106,Individual,N,1
Harbourside Bank,HB-10513,TRUE-0107,Individual,N,1
Harbourside Bank,HB-10522,TRUE-0108,Individual,N,1
Harbourside Bank,HB-10531,TRUE-0109,Individual,N,1
Harbourside Bank,HB-10539,TRUE-0110,Individual,N,1
Harbourside Bank,HB-10543,TRUE-0111,Individual,N,1
Harbourside Bank,HB-10550,TRUE-0112,Individual,N,1
Harbourside Bank,HB-10555,TRUE-0113,Individual,N,1
Harbourside Bank,HB-10563,TRUE-0114,Individual,N,1
Harbourside Bank,HB-10566,TRUE-0115,Individual,N,1
Harbourside Bank,HB-10569,TRUE-0116,Individual,N,2
Harbourside Bank,HB-11354,TRUE-0116,Individual,N,2
Harbourside Bank,HB-10575,TRUE-0117,Individual,N,1
Harbourside Bank,HB-10584,TRUE-0118,Individual,N,1
Harbourside Bank,HB-10585,TRUE-0119,Individual,N,1
Harbourside Bank,HB-10589,TRUE-0120,Individual,N,1
Harbourside Bank,HB-10598,TRUE-0121,Individual,N,1
Harbourside Bank,HB-10606,TRUE-0122,Individual,N,1
Harbourside Bank,HB-10610,TRUE-0123,Individual,N,1
Harbourside Bank,HB-10612,TRUE-0124,Individual,N,1
Harbourside Bank,HB-10619,TRUE-0125,Individual,N,1
Harbourside Bank,HB-10623,TRUE-0126,Individual,N,1
Harbourside Bank,HB-10626,TRUE-0127,Individual,N,1
Harbourside Bank,HB-10628,TRUE-0128,Individual,N,1
Harbourside Bank,HB-10632,TRUE-0129,Individual,N,1
Harbourside Bank,HB-10633,TRUE-0130,Individual,N,1
Harbourside Bank,HB-10636,TRUE-0131,Individual,Y,2
Totara Mutual,00400002,TRUE-0131,Individual,Y,2
Harbourside Bank,HB-10637,TRUE-0132,Individual,Y,3
Harbourside Bank,HB-11370,TRUE-0132,Individual,Y,3
Totara Mutual,00400031,TRUE-0132,Individual,Y,3
Harbourside Bank,HB-10640,TRUE-0133,Individual,Y,2
Totara Mutual,00400040,TRUE-0133,Individual,Y,2
Harbourside Bank,HB-10645,TRUE-0134,Individual,Y,2
Totara Mutual,00400061,TRUE-0134,Individual,Y,2
Harbourside Bank,HB-10651,TRUE-0135,Individual,Y,2
Totara Mutual,00400081,TRUE-0135,Individual,Y,2
Harbourside Bank,HB-10657,TRUE-0136,Individual,Y,2
Totara Mutual,00400110,TRUE-0136,Individual,Y,2
Harbourside Bank,HB-10662,TRUE-0137,Individual,Y,2
Totara Mutual,00400120,TRUE-0137,Individual,Y,2
Harbourside Bank,HB-10671,TRUE-0138,Individual,Y,2
Totara Mutual,00400138,TRUE-0138,Individual,Y,2
Harbourside Bank,HB-10674,TRUE-0139,Individual,Y,2
Totara Mutual,00400155,TRUE-0139,Individual,Y,2
Harbourside Bank,HB-10678,TRUE-0140,Individual,Y,2
Totara Mutual,00400160,TRUE-0140,Individual,Y,2
Harbourside Bank,HB-10680,TRUE-0141,Individual,Y,2
Totara Mutual,00400176,TRUE-0141,Individual,Y,2
Harbourside Bank,HB-10683,TRUE-0142,Individual,Y,2
Totara Mutual,00400187,TRUE-0142,Individual,Y,2
Harbourside Bank,HB-10691,TRUE-0143,Individual,Y,2
Totara Mutual,00400212,TRUE-0143,Individual,Y,2
Harbourside Bank,HB-10696,TRUE-0144,Individual,Y,2
Totara Mutual,00400231,TRUE-0144,Individual,Y,2
Harbourside Bank,HB-10703,TRUE-0145,Individual,Y,2
Totara Mutual,00400252,TRUE-0145,Individual,Y,2
Harbourside Bank,HB-10710,TRUE-0146,Individual,Y,2
Totara Mutual,00400272,TRUE-0146,Individual,Y,2
Harbourside Bank,HB-10715,TRUE-0147,Individual,Y,2
Totara Mutual,00400280,TRUE-0147,Individual,Y,2
Harbourside Bank,HB-10719,TRUE-0148,Individual,Y,2
Totara Mutual,00400288,TRUE-0148,Individual,Y,2
Harbourside Bank,HB-10724,TRUE-0149,Individual,Y,2
Totara Mutual,00400311,TRUE-0149,Individual,Y,2
Harbourside Bank,HB-10727,TRUE-0150,Individual,Y,2
Totara Mutual,00400336,TRUE-0150,Individual,Y,2
Harbourside Bank,HB-10728,TRUE-0151,Individual,Y,2
Totara Mutual,00400348,TRUE-0151,Individual,Y,2
Harbourside Bank,HB-10734,TRUE-0152,Individual,Y,2
Totara Mutual,00400358,TRUE-0152,Individual,Y,2
Harbourside Bank,HB-10735,TRUE-0153,Individual,Y,2
Totara Mutual,00400368,TRUE-0153,Individual,Y,2
Harbourside Bank,HB-10740,TRUE-0154,Individual,Y,2
Totara Mutual,00400384,TRUE-0154,Individual,Y,2
Harbourside Bank,HB-10746,TRUE-0155,Individual,Y,2
Totara Mutual,00400409,TRUE-0155,Individual,Y,2
Harbourside Bank,HB-10755,TRUE-0156,Individual,Y,3
Harbourside Bank,HB-11363,TRUE-0156,Individual,Y,3
Totara Mutual,00400416,TRUE-0156,Individual,Y,3
Harbourside Bank,HB-10760,TRUE-0157,Individual,Y,2
Totara Mutual,00400446,TRUE-0157,Individual,Y,2
Harbourside Bank,HB-10766,TRUE-0158,Individual,Y,2
Totara Mutual,00400462,TRUE-0158,Individual,Y,2
Harbourside Bank,HB-10769,TRUE-0159,Individual,Y,2
Totara Mutual,00400470,TRUE-0159,Individual,Y,2
Harbourside Bank,HB-10774,TRUE-0160,Individual,Y,2
Totara Mutual,00400489,TRUE-0160,Individual,Y,2
Harbourside Bank,HB-10775,TRUE-0161,Individual,Y,2
Totara Mutual,00400505,TRUE-0161,Individual,Y,2
Harbourside Bank,HB-10780,TRUE-0162,Individual,Y,2
Totara Mutual,00400518,TRUE-0162,Individual,Y,2
Harbourside Bank,HB-10786,TRUE-0163,Individual,Y,2
Totara Mutual,00400523,TRUE-0163,Individual,Y,2
Harbourside Bank,HB-10790,TRUE-0164,Individual,Y,2
Totara Mutual,00400545,TRUE-0164,Individual,Y,2
Harbourside Bank,HB-10796,TRUE-0165,Individual,Y,2
Totara Mutual,00400558,TRUE-0165,Individual,Y,2
Harbourside Bank,HB-10800,TRUE-0166,Individual,Y,2
Totara Mutual,00400561,TRUE-0166,Individual,Y,2
Harbourside Bank,HB-10804,TRUE-0167,Individual,Y,2
Totara Mutual,00400587,TRUE-0167,Individual,Y,2
Harbourside Bank,HB-10808,TRUE-0168,Individual,Y,2
Totara Mutual,00400590,TRUE-0168,Individual,Y,2
Harbourside Bank,HB-10813,TRUE-0169,Individual,Y,2
Totara Mutual,00400609,TRUE-0169,Individual,Y,2
Harbourside Bank,HB-10814,TRUE-0170,Individual,Y,2
Totara Mutual,00400631,TRUE-0170,Individual,Y,2
Harbourside Bank,HB-10823,TRUE-0171,Individual,Y,2
Totara Mutual,00400642,TRUE-0171,Individual,Y,2
Harbourside Bank,HB-10829,TRUE-0172,Individual,Y,2
Totara Mutual,00400645,TRUE-0172,Individual,Y,2
Harbourside Bank,HB-10833,TRUE-0173,Individual,Y,2
Totara Mutual,00400664,TRUE-0173,Individual,Y,2
Harbourside Bank,HB-10841,TRUE-0174,Individual,Y,2
Totara Mutual,00400665,TRUE-0174,Individual,Y,2
Harbourside Bank,HB-10843,TRUE-0175,Individual,Y,2
Totara Mutual,00400673,TRUE-0175,Individual,Y,2
Harbourside Bank,HB-10845,TRUE-0176,Individual,Y,2
Totara Mutual,00400697,TRUE-0176,Individual,Y,2
Harbourside Bank,HB-10854,TRUE-0177,Individual,Y,2
Totara Mutual,00400713,TRUE-0177,Individual,Y,2
Harbourside Bank,HB-10856,TRUE-0178,Individual,Y,2
Totara Mutual,00400735,TRUE-0178,Individual,Y,2
Harbourside Bank,HB-10862,TRUE-0179,Individual,Y,2
Totara Mutual,00400755,TRUE-0179,Individual,Y,2
Harbourside Bank,HB-10865,TRUE-0180,Individual,Y,2
Totara Mutual,00400767,TRUE-0180,Individual,Y,2
Harbourside Bank,HB-10871,TRUE-0181,Individual,Y,2
Totara Mutual,00400788,TRUE-0181,Individual,Y,2
Harbourside Bank,HB-10876,TRUE-0182,Individual,Y,2
Totara Mutual,00400789,TRUE-0182,Individual,Y,2
Harbourside Bank,HB-10879,TRUE-0183,Individual,Y,2
Totara Mutual,00400803,TRUE-0183,Individual,Y,2
Harbourside Bank,HB-10888,TRUE-0184,Individual,Y,2
Totara Mutual,00400806,TRUE-0184,Individual,Y,2
Harbourside Bank,HB-10895,TRUE-0185,Individual,Y,2
Totara Mutual,00400811,TRUE-0185,Individual,Y,2
Harbourside Bank,HB-10904,TRUE-0186,Individual,Y,2
Totara Mutual,00400827,TRUE-0186,Individual,Y,2
Harbourside Bank,HB-10911,TRUE-0187,Individual,Y,2
Totara Mutual,00400846,TRUE-0187,Individual,Y,2
Harbourside Bank,HB-10913,TRUE-0188,Individual,Y,2
Totara Mutual,00400859,TRUE-0188,Individual,Y,2
Harbourside Bank,HB-10914,TRUE-0189,Individual,Y,2
Totara Mutual,00400875,TRUE-0189,Individual,Y,2
Harbourside Bank,HB-10923,TRUE-0190,Individual,Y,2
Totara Mutual,00400877,TRUE-0190,Individual,Y,2
Harbourside Bank,HB-10929,TRUE-0191,Individual,Y,3
Harbourside Bank,HB-11371,TRUE-0191,Individual,Y,3
Totara Mutual,00400891,TRUE-0191,Individual,Y,3
Harbourside Bank,HB-10935,TRUE-0192,Individual,Y,2
Totara Mutual,00400917,TRUE-0192,Individual,Y,2
Harbourside Bank,HB-10939,TRUE-0193,Individual,Y,2
Totara Mutual,00400942,TRUE-0193,Individual,Y,2
Harbourside Bank,HB-10942,TRUE-0194,Individual,Y,2
Totara Mutual,00400948,TRUE-0194,Individual,Y,2
Harbourside Bank,HB-10947,TRUE-0195,Individual,Y,2
Totara Mutual,00400967,TRUE-0195,Individual,Y,2
Harbourside Bank,HB-10956,TRUE-0196,Individual,Y,2
Totara Mutual,00400987,TRUE-0196,Individual,Y,2
Harbourside Bank,HB-10964,TRUE-0197,Individual,Y,2
Totara Mutual,00400998,TRUE-0197,Individual,Y,2
Harbourside Bank,HB-10973,TRUE-0198,Individual,Y,2
Totara Mutual,00401023,TRUE-0198,Individual,Y,2
Harbourside Bank,HB-10981,TRUE-0199,Individual,Y,2
Totara Mutual,00401029,TRUE-0199,Individual,Y,2
Harbourside Bank,HB-10982,TRUE-0200,Individual,Y,2
Totara Mutual,00401033,TRUE-0200,Individual,Y,2
Harbourside Bank,HB-10991,TRUE-0201,Individual,Y,2
Totara Mutual,00401043,TRUE-0201,Individual,Y,2
Harbourside Bank,HB-10996,TRUE-0202,Individual,Y,2
Totara Mutual,00401071,TRUE-0202,Individual,Y,2
Harbourside Bank,HB-10997,TRUE-0203,Individual,Y,2
Totara Mutual,00401087,TRUE-0203,Individual,Y,2
Harbourside Bank,HB-10998,TRUE-0204,Individual,Y,2
Totara Mutual,00401105,TRUE-0204,Individual,Y,2
Harbourside Bank,HB-11007,TRUE-0205,Individual,Y,2
Totara Mutual,00401135,TRUE-0205,Individual,Y,2
Harbourside Bank,HB-11013,TRUE-0206,Individual,Y,2
Totara Mutual,00401152,TRUE-0206,Individual,Y,2
Harbourside Bank,HB-11015,TRUE-0207,Individual,Y,2
Totara Mutual,00401180,TRUE-0207,Individual,Y,2
Harbourside Bank,HB-11022,TRUE-0208,Individual,Y,2
Totara Mutual,00401208,TRUE-0208,Individual,Y,2
Harbourside Bank,HB-11023,TRUE-0209,Individual,Y,2
Totara Mutual,00401237,TRUE-0209,Individual,Y,2
Harbourside Bank,HB-11026,TRUE-0210,Individual,Y,2
Totara Mutual,00401267,TRUE-0210,Individual,Y,2
Harbourside Bank,HB-11030,TRUE-0211,Individual,Y,2
Totara Mutual,00401278,TRUE-0211,Individual,Y,2
Harbourside Bank,HB-11034,TRUE-0212,Individual,Y,2
Totara Mutual,00401281,TRUE-0212,Individual,Y,2
Harbourside Bank,HB-11037,TRUE-0213,Individual,Y,2
Totara Mutual,00401298,TRUE-0213,Individual,Y,2
Harbourside Bank,HB-11046,TRUE-0214,Individual,Y,2
Totara Mutual,00401307,TRUE-0214,Individual,Y,2
Harbourside Bank,HB-11047,TRUE-0215,Individual,Y,2
Totara Mutual,00401331,TRUE-0215,Individual,Y,2
Harbourside Bank,HB-11053,TRUE-0216,Individual,Y,2
Totara Mutual,00401350,TRUE-0216,Individual,Y,2
Harbourside Bank,HB-11060,TRUE-0217,Individual,Y,2
Totara Mutual,00401352,TRUE-0217,Individual,Y,2
Harbourside Bank,HB-11062,TRUE-0218,Individual,Y,2
Totara Mutual,00401378,TRUE-0218,Individual,Y,2
Harbourside Bank,HB-11069,TRUE-0219,Individual,Y,2
Totara Mutual,00401387,TRUE-0219,Individual,Y,2
Harbourside Bank,HB-11071,TRUE-0220,Individual,Y,2
Totara Mutual,00401398,TRUE-0220,Individual,Y,2
Harbourside Bank,HB-11080,TRUE-0221,Individual,Y,2
Totara Mutual,00401423,TRUE-0221,Individual,Y,2
Harbourside Bank,HB-11085,TRUE-0222,Individual,Y,2
Totara Mutual,00401450,TRUE-0222,Individual,Y,2
Harbourside Bank,HB-11091,TRUE-0223,Individual,Y,2
Totara Mutual,00401453,TRUE-0223,Individual,Y,2
Harbourside Bank,HB-11093,TRUE-0224,Individual,Y,2
Totara Mutual,00401464,TRUE-0224,Individual,Y,2
Harbourside Bank,HB-11094,TRUE-0225,Individual,Y,2
Totara Mutual,00401486,TRUE-0225,Individual,Y,2
Harbourside Bank,HB-11098,TRUE-0226,Individual,Y,2
Totara Mutual,00401503,TRUE-0226,Individual,Y,2
Harbourside Bank,HB-11103,TRUE-0227,Individual,Y,2
Totara Mutual,00401505,TRUE-0227,Individual,Y,2
Harbourside Bank,HB-11111,TRUE-0228,Individual,Y,2
Totara Mutual,00401518,TRUE-0228,Individual,Y,2
Harbourside Bank,HB-11119,TRUE-0229,Individual,Y,2
Totara Mutual,00401538,TRUE-0229,Individual,Y,2
Harbourside Bank,HB-11121,TRUE-0230,Individual,Y,2
Totara Mutual,00401542,TRUE-0230,Individual,Y,2
Totara Mutual,00401557,TRUE-0231,Individual,N,1
Totara Mutual,00401571,TRUE-0232,Individual,N,1
Totara Mutual,00401589,TRUE-0233,Individual,N,1
Totara Mutual,00401592,TRUE-0234,Individual,N,2
Totara Mutual,00404631,TRUE-0234,Individual,N,2
Totara Mutual,00401600,TRUE-0235,Individual,N,1
Totara Mutual,00401624,TRUE-0236,Individual,N,1
Totara Mutual,00401647,TRUE-0237,Individual,N,1
Totara Mutual,00401654,TRUE-0238,Individual,N,1
Totara Mutual,00401678,TRUE-0239,Individual,N,1
Totara Mutual,00401697,TRUE-0240,Individual,N,1
Totara Mutual,00401725,TRUE-0241,Individual,N,1
Totara Mutual,00401748,TRUE-0242,Individual,N,1
Totara Mutual,00401777,TRUE-0243,Individual,N,1
Totara Mutual,00401788,TRUE-0244,Individual,N,1
Totara Mutual,00401806,TRUE-0245,Individual,N,1
Totara Mutual,00401812,TRUE-0246,Individual,N,1
Totara Mutual,00401830,TRUE-0247,Individual,N,1
Totara Mutual,00401840,TRUE-0248,Individual,N,1
Totara Mutual,00401845,TRUE-0249,Individual,N,1
Totara Mutual,00401867,TRUE-0250,Individual,N,1
Totara Mutual,00401872,TRUE-0251,Individual,N,1
Totara Mutual,00401882,TRUE-0252,Individual,N,1
Totara Mutual,00401890,TRUE-0253,Individual,N,1
Totara Mutual,00401912,TRUE-0254,Individual,N,1
Totara Mutual,00401922,TRUE-0255,Individual,N,1
Totara Mutual,00401947,TRUE-0256,Individual,N,1
Totara Mutual,00401953,TRUE-0257,Individual,N,1
Totara Mutual,00401975,TRUE-0258,Individual,N,1
Totara Mutual,00401995,TRUE-0259,Individual,N,1
Totara Mutual,00401998,TRUE-0260,Individual,N,1
Totara Mutual,00402004,TRUE-0261,Individual,N,1
Totara Mutual,00402005,TRUE-0262,Individual,N,1
Totara Mutual,00402030,TRUE-0263,Individual,N,1
Totara Mutual,00402040,TRUE-0264,Individual,N,1
Totara Mutual,00402060,TRUE-0265,Individual,N,1
Totara Mutual,00402081,TRUE-0266,Individual,N,1
Totara Mutual,00402108,TRUE-0267,Individual,N,1
Totara Mutual,00402125,TRUE-0268,Individual,N,1
Totara Mutual,00402144,TRUE-0269,Individual,N,1
Totara Mutual,00402164,TRUE-0270,Individual,N,1
Totara Mutual,00402190,TRUE-0271,Individual,N,1
Totara Mutual,00402193,TRUE-0272,Individual,N,1
Totara Mutual,00402203,TRUE-0273,Individual,N,1
Totara Mutual,00402208,TRUE-0274,Individual,N,1
Totara Mutual,00402237,TRUE-0275,Individual,N,1
Totara Mutual,00402239,TRUE-0276,Individual,N,1
Totara Mutual,00402246,TRUE-0277,Individual,N,1
Totara Mutual,00402267,TRUE-0278,Individual,N,1
Totara Mutual,00402294,TRUE-0279,Individual,N,1
Totara Mutual,00402306,TRUE-0280,Individual,N,1
Totara Mutual,00402322,TRUE-0281,Individual,N,1
Totara Mutual,00402347,TRUE-0282,Individual,N,1
Totara Mutual,00402362,TRUE-0283,Individual,N,1
Totara Mutual,00402369,TRUE-0284,Individual,N,1
Totara Mutual,00402372,TRUE-0285,Individual,N,1
Totara Mutual,00402384,TRUE-0286,Individual,N,1
Totara Mutual,00402399,TRUE-0287,Individual,N,1
Totara Mutual,00402420,TRUE-0288,Individual,N,1
Totara Mutual,00402434,TRUE-0289,Individual,N,1
Totara Mutual,00402453,TRUE-0290,Individual,N,2
Totara Mutual,00404564,TRUE-0290,Individual,N,2
Totara Mutual,00402472,TRUE-0291,Individual,N,1
Totara Mutual,00402486,TRUE-0292,Individual,N,1
Totara Mutual,00402502,TRUE-0293,Individual,N,1
Totara Mutual,00402532,TRUE-0294,Individual,N,1
Totara Mutual,00402557,TRUE-0295,Individual,N,1
Totara Mutual,00402560,TRUE-0296,Individual,N,1
Totara Mutual,00402569,TRUE-0297,Individual,N,1
Totara Mutual,00402572,TRUE-0298,Individual,N,1
Totara Mutual,00402592,TRUE-0299,Individual,N,1
Totara Mutual,00402598,TRUE-0300,Individual,N,1
Totara Mutual,00402614,TRUE-0301,Individual,N,2
Totara Mutual,00404605,TRUE-0301,Individual,N,2
Totara Mutual,00402640,TRUE-0302,Individual,N,1
Totara Mutual,00402659,TRUE-0303,Individual,N,1
Totara Mutual,00402680,TRUE-0304,Individual,N,1
Totara Mutual,00402696,TRUE-0305,Individual,N,1
Totara Mutual,00402704,TRUE-0306,Individual,N,1
Totara Mutual,00402715,TRUE-0307,Individual,N,1
Totara Mutual,00402739,TRUE-0308,Individual,N,1
Totara Mutual,00402764,TRUE-0309,Individual,N,1
Totara Mutual,00402770,TRUE-0310,Individual,N,1
Totara Mutual,00402777,TRUE-0311,Individual,N,1
Totara Mutual,00402806,TRUE-0312,Individual,N,1
Totara Mutual,00402815,TRUE-0313,Individual,N,1
Totara Mutual,00402821,TRUE-0314,Individual,N,1
Totara Mutual,00402830,TRUE-0315,Individual,N,2
Totara Mutual,00404550,TRUE-0315,Individual,N,2
Totara Mutual,00402858,TRUE-0316,Individual,N,1
Totara Mutual,00402861,TRUE-0317,Individual,N,1
Totara Mutual,00402878,TRUE-0318,Individual,N,1
Totara Mutual,00402893,TRUE-0319,Individual,N,1
Totara Mutual,00402894,TRUE-0320,Individual,N,1
Totara Mutual,00402916,TRUE-0321,Individual,N,1
Totara Mutual,00402924,TRUE-0322,Individual,N,1
Totara Mutual,00402944,TRUE-0323,Individual,N,1
Totara Mutual,00402956,TRUE-0324,Individual,N,1
Totara Mutual,00402970,TRUE-0325,Individual,N,1
Totara Mutual,00402979,TRUE-0326,Individual,N,1
Totara Mutual,00403002,TRUE-0327,Individual,N,1
Totara Mutual,00403006,TRUE-0328,Individual,N,1
Totara Mutual,00403035,TRUE-0329,Individual,N,1
Totara Mutual,00403046,TRUE-0330,Individual,N,1
Totara Mutual,00403073,TRUE-0331,Individual,N,1
Totara Mutual,00403099,TRUE-0332,Individual,N,1
Totara Mutual,00403121,TRUE-0333,Individual,N,1
Totara Mutual,00403148,TRUE-0334,Individual,N,1
Totara Mutual,00403161,TRUE-0335,Individual,N,1
Totara Mutual,00403169,TRUE-0336,Individual,N,1
Totara Mutual,00403198,TRUE-0337,Individual,N,1
Totara Mutual,00403204,TRUE-0338,Individual,N,1
Totara Mutual,00403219,TRUE-0339,Individual,N,1
Totara Mutual,00403233,TRUE-0340,Individual,N,1
Totara Mutual,00403239,TRUE-0341,Individual,N,2
Totara Mutual,00404533,TRUE-0341,Individual,N,2
Totara Mutual,00403260,TRUE-0342,Individual,N,1
Totara Mutual,00403281,TRUE-0343,Individual,N,1
Totara Mutual,00403289,TRUE-0344,Individual,N,1
Totara Mutual,00403319,TRUE-0345,Individual,N,1
Totara Mutual,00403347,TRUE-0346,Individual,N,1
Totara Mutual,00403361,TRUE-0347,Individual,N,1
Totara Mutual,00403378,TRUE-0348,Individual,N,1
Totara Mutual,00403379,TRUE-0349,Individual,N,1
Totara Mutual,00403391,TRUE-0350,Individual,N,1
Totara Mutual,00403421,TRUE-0351,Individual,N,1
Totara Mutual,00403428,TRUE-0352,Individual,N,1
Totara Mutual,00403447,TRUE-0353,Individual,N,2
Totara Mutual,00404576,TRUE-0353,Individual,N,2
Totara Mutual,00403461,TRUE-0354,Individual,N,1
Totara Mutual,00403480,TRUE-0355,Individual,N,1
Totara Mutual,00403504,TRUE-0356,Individual,N,1
Totara Mutual,00403511,TRUE-0357,Individual,N,1
Totara Mutual,00403541,TRUE-0358,Individual,N,1
Totara Mutual,00403547,TRUE-0359,Individual,N,1
Totara Mutual,00403548,TRUE-0360,Individual,N,1
Totara Mutual,00403550,TRUE-0361,Individual,N,1
Totara Mutual,00403576,TRUE-0362,Individual,N,1
Totara Mutual,00403593,TRUE-0363,Individual,N,1
Totara Mutual,00403611,TRUE-0364,Individual,N,1
Totara Mutual,00403632,TRUE-0365,Individual,N,1
Totara Mutual,00403639,TRUE-0366,Individual,N,1
Totara Mutual,00403666,TRUE-0367,Individual,N,1
Totara Mutual,00403693,TRUE-0368,Individual,N,1
Totara Mutual,00403712,TRUE-0369,Individual,N,1
Totara Mutual,00403731,TRUE-0370,Individual,N,1
Totara Mutual,00403753,TRUE-0371,Individual,N,1
Totara Mutual,00403768,TRUE-0372,Individual,N,1
Totara Mutual,00403769,TRUE-0373,Individual,N,1
Totara Mutual,00403796,TRUE-0374,Individual,N,1
Totara Mutual,00403803,TRUE-0375,Individual,N,1
Totara Mutual,00403833,TRUE-0376,Individual,N,1
Totara Mutual,00403834,TRUE-0377,Individual,N,1
Totara Mutual,00403846,TRUE-0378,Individual,N,1
Totara Mutual,00403853,TRUE-0379,Individual,N,1
Totara Mutual,00403868,TRUE-0380,Individual,N,1
Harbourside Bank,HB-11151,TRUE-0381,Business,N,1
Harbourside Bank,HB-11160,TRUE-0382,Business,N,1
Harbourside Bank,HB-11163,TRUE-0383,Business,N,1
Harbourside Bank,HB-11170,TRUE-0384,Business,N,1
Harbourside Bank,HB-11172,TRUE-0385,Business,N,1
Harbourside Bank,HB-11179,TRUE-0386,Business,N,1
Harbourside Bank,HB-11184,TRUE-0387,Business,N,1
Harbourside Bank,HB-11190,TRUE-0388,Business,N,1
Harbourside Bank,HB-11195,TRUE-0389,Business,N,1
Harbourside Bank,HB-11197,TRUE-0390,Business,N,1
Harbourside Bank,HB-11199,TRUE-0391,Business,N,1
Harbourside Bank,HB-11207,TRUE-0392,Business,N,1
Harbourside Bank,HB-11216,TRUE-0393,Business,N,1
Harbourside Bank,HB-11225,TRUE-0394,Business,N,1
Harbourside Bank,HB-11226,TRUE-0395,Business,N,1
Harbourside Bank,HB-11232,TRUE-0396,Business,N,1
Harbourside Bank,HB-11233,TRUE-0397,Business,N,1
Harbourside Bank,HB-11241,TRUE-0398,Business,N,1
Harbourside Bank,HB-11243,TRUE-0399,Business,N,1
Harbourside Bank,HB-11250,TRUE-0400,Business,N,1
Harbourside Bank,HB-11259,TRUE-0401,Business,N,1
Harbourside Bank,HB-11261,TRUE-0402,Business,N,1
Harbourside Bank,HB-11268,TRUE-0403,Business,Y,2
Totara Mutual,00403993,TRUE-0403,Business,Y,2
Harbourside Bank,HB-11275,TRUE-0404,Business,Y,2
Totara Mutual,00403999,TRUE-0404,Business,Y,2
Harbourside Bank,HB-11283,TRUE-0405,Business,Y,2
Totara Mutual,00404014,TRUE-0405,Business,Y,2
Harbourside Bank,HB-11284,TRUE-0406,Business,Y,2
Totara Mutual,00404040,TRUE-0406,Business,Y,2
Harbourside Bank,HB-11289,TRUE-0407,Business,Y,2
Totara Mutual,00404055,TRUE-0407,Business,Y,2
Harbourside Bank,HB-11297,TRUE-0408,Business,Y,2
Totara Mutual,00404063,TRUE-0408,Business,Y,2
Harbourside Bank,HB-11306,TRUE-0409,Business,Y,2
Totara Mutual,00404083,TRUE-0409,Business,Y,2
Harbourside Bank,HB-11311,TRUE-0410,Business,Y,2
Totara Mutual,00404111,TRUE-0410,Business,Y,2
Harbourside Bank,HB-11312,TRUE-0411,Business,Y,2
Totara Mutual,00404116,TRUE-0411,Business,Y,2
Harbourside Bank,HB-11314,TRUE-0412,Business,Y,2
Totara Mutual,00404122,TRUE-0412,Business,Y,2
Harbourside Bank,HB-11315,TRUE-0413,Business,Y,2
Totara Mutual,00404139,TRUE-0413,Business,Y,2
Harbourside Bank,HB-11322,TRUE-0414,Business,Y,2
Totara Mutual,00404168,TRUE-0414,Business,Y,2
Harbourside Bank,HB-11326,TRUE-0415,Business,Y,2
Totara Mutual,00404180,TRUE-0415,Business,Y,2
Harbourside Bank,HB-11334,TRUE-0416,Business,Y,2
Totara Mutual,00404189,TRUE-0416,Business,Y,2
Harbourside Bank,HB-11335,TRUE-0417,Business,Y,2
Totara Mutual,00404197,TRUE-0417,Business,Y,2
Harbourside Bank,HB-11339,TRUE-0418,Business,Y,2
Totara Mutual,00404206,TRUE-0418,Business,Y,2
Harbourside Bank,HB-11341,TRUE-0419,Business,Y,2
Totara Mutual,00404209,TRUE-0419,Business,Y,2
Harbourside Bank,HB-11343,TRUE-0420,Business,Y,2
Totara Mutual,00404214,TRUE-0420,Business,Y,2
Totara Mutual,00404230,TRUE-0421,Business,N,1
Totara Mutual,00404236,TRUE-0422,Business,N,1
Totara Mutual,00404259,TRUE-0423,Business,N,1
Totara Mutual,00404286,TRUE-0424,Business,N,1
Totara Mutual,00404302,TRUE-0425,Business,N,1
Totara Mutual,00404316,TRUE-0426,Business,N,1
Totara Mutual,00404339,TRUE-0427,Business,N,1
Totara Mutual,00404355,TRUE-0428,Business,N,1
Totara Mutual,00404358,TRUE-0429,Business,N,1
Totara Mutual,00404384,TRUE-0430,Business,N,1
Totara Mutual,00404396,TRUE-0431,Business,N,1
Totara Mutual,00404409,TRUE-0432,Business,N,1
Totara Mutual,00404418,TRUE-0433,Business,N,1
Totara Mutual,00404421,TRUE-0434,Business,N,1
Totara Mutual,00404433,TRUE-0435,Business,N,1
Totara Mutual,00404452,TRUE-0436,Business,N,1
Totara Mutual,00404469,TRUE-0437,Business,N,1
Totara Mutual,00404497,TRUE-0438,Business,N,1
Totara Mutual,00404517,TRUE-0439,Business,N,1
Totara Mutual,00404532,TRUE-0440,Business,N,1
Harbourside Bank,HB-11130,TRUE-0441,Individual,N,1
Harbourside Bank,HB-11131,TRUE-0442,Individual,N,1
Harbourside Bank,HB-11134,TRUE-0443,Individual,N,1
Harbourside Bank,HB-11137,TRUE-0444,Individual,N,1
Harbourside Bank,HB-11145,TRUE-0445,Individual,N,1
Harbourside Bank,HB-11150,TRUE-0446,Individual,N,1
Totara Mutual,00403884,TRUE-0447,Individual,N,1
Totara Mutual,00403903,TRUE-0448,Individual,N,1
Totara Mutual,00403929,TRUE-0449,Individual,N,1
Totara Mutual,00403931,TRUE-0450,Individual,N,1
Totara Mutual,00403958,TRUE-0451,Individual,N,1
Totara Mutual,00403974,TRUE-0452,Individual,N,1
