customer_id,customer_type,title,first_name,middle_name,last_name,business_name,trading_name,date_of_birth,gender,ird_number,nzbn,email,mobile_phone,landline_phone,street_address,suburb,city,postcode,country,occupation,employer_name,annual_income_nzd,customer_since,kyc_status,aml_risk_rating,pep_flag,num_accounts,products_held,total_deposits_nzd,total_lending_nzd,credit_score,preferred_branch,online_banking_active,marketing_opt_in,customer_status
HB-10862,Individual,Mr,Matthew,Paul,Hughes,,,2003-05-18,M,103-257-687,,matthew.hughes@gmail.com,029 303 8728,,116 Kowhai Crescent,Mornington,Dunedin,9011,NZ,Retired,Countdown,18000,2000-04-12,Pending,Medium,N,1,Credit Card;KiwiSaver;Savings;Term Deposit,23464.28,0,475,Dunedin Central,Y,Y,Active
HB-10372,Individual,Mr,Michael,Grace,Mitchell,,,1976-02-24,M,101-167-003,,michael.mitchell@xtra.co.nz,022 188 6776,09 991 9497,192 Totara Crescent,Takapuna,Auckland,0622,NZ,Chef,Self,0,2005-07-05,Pending,Medium,N,5,Personal Loan;Savings,11854.78,12000,721,Auckland Central,Y,N,Active
HB-10108,Individual,Mr,Wei,,Te Rangi,,,2002-03-17,M,130-558-763,,wei.terangi@xtra.co.nz,029 799 0554,,"Unit 7, 226 Park Avenue",Merivale,Christchurch,8014,NZ,Public Servant,Self,240000,2010-07-30,Verified,Medium,N,4,Credit Card,53327.19,0,416,Christchurch Central,N,Y,Active
HB-10394,Individual,Mr,Tevita,,Hughes,,,2005-05-12,M,,,tevita.hughes@xtra.co.nz,021 380 2700,09 801 3140,166 Matai Crescent,Mount Eden,Auckland,1024,NZ,Sales Manager,Air New Zealand,0,2012-10-26,Expired,High,N,3,Credit Card;KiwiSaver;Term Deposit,5111.34,0,369,Auckland Central,N,N,Active
HB-10691,Individual,Dr,Aisha,Louise,Taylor,,,1989-04-06,F,120-591-774,,aisha.taylor@gmail.com,027 871 8719,,"Unit 4, 193 Tui Place",Frankton,Hamilton,3204,NZ,Truck Driver,Kendrix Engineering Ltd,85000,1996-10-08,Verified,Low,N,3,Credit Card;Home Loan;KiwiSaver;Personal Loan;Savings,25587.02,747311.93,933,Hamilton Central,Y,N,Active
HB-10127,Individual,Mr,Tevita,,Rossi,,,1946-08-11,M,135-733-894,,tevita.rossi@outlook.com,029 329 1608,,77 Albert Terrace,Ponsonby,Auckland,1011,NZ,Software Developer,Auckland Council,52000,2007-11-30,Pending,Low,N,4,Term Deposit,29614.5,0,408,Auckland Central,Y,N,Active
HB-11195,Business,,,,,Coastal Fisheries Limited,,,,130-418-760,9429486200324,accounts@coastalfisheries.co.nz,,07 607 7402,148 Harbour Road,Chartwell,Hamilton,3210,NZ,,,1200000,2002-08-23,Pending,Medium,N,4,Business Credit Card;Equipment Finance;Term Deposit,8940.48,250000,,Hamilton Business Centre,Y,N,Active
HB-10843,Individual,Mrs,Grace,Lee,Nguyen,,,1951-10-09,F,129-259-312,,grace.nguyen@gmail.com,027 575 5463,,50 Albert Crescent,Ponsonby,Auckland,1011,NZ,Software Developer,Harbourview Aged Care Ltd,52000,2015-12-12,Verified,Low,N,3,Everyday;KiwiSaver;Savings;Term Deposit,23710.97,0,731,Auckland Central,N,N,Active
HB-10499,Individual,Mrs,Jessica,,Stewart,,,1973-01-13,F,119-857-526,,jessica.stewart@xtra.co.nz,029 574 0456,07 566 2978,217 Matai Road,Hillcrest,Hamilton,3216,NZ,Engineer,Fletcher Building,160000,2006-06-28,Verified,Low,N,5,Credit Card;KiwiSaver,90682.15,12000,518,Hamilton Central,Y,N,Active
HB-10198,Individual,Mr,Luca,Lee,Williams,,,2004-01-20,M,117-359-199,,luca.williams@outlook.com,029 170 6104,03 811 7099,90 Rimu Street,Riccarton,Christchurch,8011,NZ,Doctor,Spark,85000,2005-01-31,Verified,Low,N,2,Home Loan;Personal Loan;Savings;Term Deposit,19693.37,600910.55,931,Christchurch Central,Y,N,Active
HB-10416,Individual,Dr,Andrew,Grace,Williams,,,1990-10-10,M,105-980-812,,andrew.williams@xtra.co.nz,027 244 9777,07 670 6156,"Unit 11, 166 Kowhai Road",Mount Maunganui,Tauranga,3116,NZ,Public Servant,Southern Cross Freight Ltd,240000,2010-02-20,Verified,Medium,N,5,Credit Card;KiwiSaver;Savings,11439.7,3500,397,Tauranga Central,N,N,Active
HB-11284,Business,,,,,Summit Roofing Supplies Limited,,,,131-036-371,9429356116491,accounts@summitroofingsuppl.co.nz,027 961 1617,07 842 6633,229 Manuka Place,Mount Maunganui,Tauranga,3116,NZ,,,250000,2006-02-16,Verified,Medium,N,1,Business Everyday;Business Savings;Merchant Services;Overdraft,69968.7,1200000,,Tauranga Business Centre,Y,Y,Active
HB-10589,Individual,Miss,Jessica,Lee,Harris,,,1942-02-26,F,137-221-197,,jessica.harris@outlook.com,021 112 0843,04 894 5184,212 Seaview Place,Johnsonville,Wellington,6037,NZ,Lawyer,Air New Zealand,160000,2007-10-06,Pending,Low,N,1,Credit Card,264568.77,3500,932,Wellington Central,Y,Y,Active
HB-10569,Individual,Mr,Benjamin,,Mitchell,,,1960-10-19,M,101-387-187,,benjamin.mitchell@outlook.com,027 869 7039,09 998 2407,1 Nikau Drive,Ponsonby,Auckland,1011,NZ,Electrician,Southern Cross Freight Ltd,85000,2014-07-31,Verified,Low,N,2,Everyday;KiwiSaver;Savings;Term Deposit,11196.94,3500,756,Auckland Central,Y,Y,Active
HB-10440,Individual,Mrs,Hannah,,Reid,,,1964-04-12,F,120-152-256,,hannah.reid@gmail.com,029 355 6399,,"Unit 3, 6 Totara Drive",Newtown,Wellington,6021,NZ,Self-employed,Ministry of Education,52000,2016-05-12,Verified,Low,N,1,Credit Card;Everyday;Savings,81700.59,0,547,Wellington Central,Y,Y,Active
HB-11060,Individual,Dr,Rachel,Marie,Te Rangi,,,1946-03-22,F,121-903-743,,rachel.terangi@xtra.co.nz,021 765 8740,,214 Harbour Place,Papamoa,Tauranga,3118,NZ,Doctor,Self,85000,1996-12-05,Pending,Low,N,1,Savings;Term Deposit,1536.92,0,704,Tauranga Central,Y,Y,Active
HB-10947,Individual,Mr,Arjun,,Fitzgerald,,,1969-09-14,M,134-120-186,,arjun.fitzgerald@outlook.com,027 285 3699,03 242 9680,202 Great North Drive,St Clair,Dunedin,9012,NZ,Truck Driver,Kendrix Engineering Ltd,160000,2018-04-08,Verified,Low,N,3,Everyday;Home Loan;KiwiSaver;Personal Loan,38395.79,674269.01,717,Dunedin Central,Y,N,Active
HB-11034,Individual,Dr,Naomi,John,Kim,,,1994-11-09,F,118-531-608,,naomi.kim@xtra.co.nz,022 410 3116,,"Unit 5, 51 Great North Drive",Frankton,Hamilton,3204,NZ,Doctor,,0,2020-09-28,Verified,Medium,N,3,Credit Card;Savings;Term Deposit,118996.6,3500,475,Hamilton Central,Y,Y,Active
HB-10379,Individual,Mr,Daniel,,Campbell,,,1998-04-22,M,131-211-256,,daniel.campbell@gmail.com,029 776 1132,07 811 2946,48 Marine Avenue,Frankton,Hamilton,3204,NZ,Student,Fletcher Building,18000,2010-01-28,Verified,Medium,N,5,KiwiSaver,10302.79,0,375,Hamilton Central,Y,Y,Active
HB-10755,Individual,Dr,William,,Campbell,,,2000-07-25,M,122-850-476,,william.campbell@outlook.com,021 183 7735,,188 Marine Crescent,Halswell,Christchurch,8025,NZ,Self-employed,,68000,2012-07-18,Expired,Low,N,5,Everyday;Personal Loan;Savings;Term Deposit,14262.75,0,703,Christchurch Central,N,N,Active
HB-10097,Individual,Miss,Emily,John,Anderson,,,1944-01-31,F,109-065-207,,emily.anderson@outlook.com,027 506 4688,07 956 7130,111 Hill Avenue,Hillcrest,Hamilton,3216,NZ,Builder,Countdown,18000,2004-09-20,Verified,Medium,N,1,Credit Card;Everyday;Home Loan;KiwiSaver;Personal Loan,326923.55,841227.15,843,Hamilton Central,N,Y,Active
HB-11259,Business,,,,,Bay Boatbuilders Limited,,,,112-792-577,,accounts@bayboatbuilders.co.nz,,03 706 5759,170 Beach Road,St Clair,Dunedin,9012,NZ,,,8000000,2025-12-20,Pending,Low,N,3,Business Everyday;Merchant Services;Term Deposit,271173.0,250000,,Dunedin Business Centre,Y,Y,Active
HB-10786,Individual,Mr,Samuel,James,Tipene,,,1980-12-27,M,100-318-736,,,029 707 3450,04 672 7254,123 Victoria Road,Johnsonville,Wellington,6037,NZ,Builder,Ministry of Education,240000,2003-05-15,Verified,High,N,1,Credit Card;Everyday;KiwiSaver;Savings,4383.71,12000,727,Wellington Central,Y,Y,Active
HB-10276,Individual,Dr,Joshua,Anne,White,,,2001-05-12,M,138-773-148,,joshua.white@outlook.com,021 111 6345,03 622 2499,"Unit 9, 188 Pohutukawa Place",Mornington,Dunedin,9011,NZ,Self-employed,Ministry of Education,52000,2021-02-08,Verified,Low,N,3,Everyday;Home Loan;KiwiSaver,7235.99,220323.12,734,Dunedin Central,N,N,Active
HB-10833,Individual,Mrs,Olivia,,Williams,,,1997-01-01,F,133-190-748,,olivia.williams@gmail.com,029 389 8417,07 982 1418,154 Kereru Drive,Hillcrest,Hamilton,3216,NZ,Sales Manager,,18000,2022-04-10,Pending,Medium,N,5,Credit Card;Home Loan;Personal Loan,8350.14,712064.84,378,Hamilton Central,N,N,Active
HB-10243,Individual,Ms,Lucy,,Smith,,,1962-07-31,F,124-646-549,,,022 338 8443,,170 Clyde Terrace,Papamoa,Tauranga,3118,NZ,Builder,,160000,2025-09-17,Expired,Low,N,2,Credit Card;Personal Loan;Savings,9344.46,0,547,Tauranga Central,Y,N,Active
HB-11121,Individual,Ms,Aisha,Paul,Harris,,,1991-11-24,F,107-384-377,,aisha.harris@xtra.co.nz,021 338 5304,09 291 5277,88 Kauri Street,Takapuna,Auckland,0622,NZ,Sales Manager,Harbourview Aged Care Ltd,35000,2014-06-22,Verified,Low,N,4,Everyday;Home Loan;Personal Loan;Savings;Term Deposit,4110.92,258393.67,558,Auckland Central,Y,N,Active
HB-10510,Individual,Dr,Wei,Paul,Tuhiwai,,,1996-08-26,M,127-754-706,,wei.tuhiwai@gmail.com,021 163 4219,,182 Beach Crescent,St Clair,Dunedin,9012,NZ,Builder,Auckland Council,85000,1995-01-15,Verified,Low,N,3,Credit Card;Everyday;Savings,7053.54,0,720,Dunedin Central,Y,N,Active
HB-10982,Individual,Mr,Rawiri,,Wang,,,1959-05-13,M,,,rawiri.wang@xtra.co.nz,027 370 8001,,167 Rata Crescent,Roslyn,Dunedin,9010,NZ,Truck Driver,Ministry of Education,52000,1997-06-16,Expired,Low,N,2,Everyday;KiwiSaver;Personal Loan,1919.89,12000,860,Dunedin Central,Y,N,Active
HB-11261,Business,,,,,Metro Waste Solutions Limited,,,,110-746-453,9429854390999,accounts@metrowastesolution.co.nz,022 341 9335,07 554 8127,247 Great North Crescent,Chartwell,Hamilton,3210,NZ,,,1200000,1995-02-23,Pending,Medium,N,3,Business Everyday;Business Savings;Overdraft,130524.72,1200000,,Hamilton Business Centre,Y,Y,Active
HB-11023,Individual,Mr,Richard,Mei,White,,,1998-07-11,M,117-696-984,,richard.white@gmail.com,022 344 8541,,"Unit 11, 121 Nikau Road",Mornington,Dunedin,9011,NZ,Builder,Te Whatu Ora,240000,2024-01-26,Verified,High,N,5,Everyday;Home Loan;KiwiSaver,5491.14,835025.65,612,Dunedin Central,Y,N,Active
HB-11160,Business,,,,,Southern Cross Freight Limited,SX Freight,,,124-334-940,9429449216200,accounts@southerncrossfreig.co.nz,022 814 5832,07 801 9879,168 Totara Crescent,Mount Maunganui,Tauranga,3116,NZ,,,1200000,2002-02-28,Verified,Low,N,2,Business Credit Card;Overdraft;Term Deposit,190368.36,250000,,Tauranga Business Centre,Y,Y,Active
HB-10020,Individual,Ms,Mei,Paul,Faleolo,,,2000-11-01,F,136-883-194,,mei.faleolo@xtra.co.nz,027 949 1389,09 254 7125,104 Station Terrace,Papatoetoe,Auckland,2025,NZ,Sales Manager,Kendrix Engineering Ltd,240000,2024-01-18,Pending,Low,N,1,Credit Card;Home Loan;KiwiSaver;Personal Loan;Term Deposit,9183.87,708276.7,398,Auckland Central,N,N,Dormant
HB-11341,Business,,,,,Riverstone Veterinary Clinic Limited,,,,114-918-527,9429283768341,accounts@riverstoneveterina.co.nz,022 277 1605,07 597 8085,18 Totara Street,Papamoa,Tauranga,3118,NZ,,,8000000,1997-05-05,Pending,Low,N,2,Business Credit Card;Business Everyday;Merchant Services,47793.72,1200000,,Tauranga Business Centre,Y,Y,Active
HB-10584,Individual,Mr,Wei,,Reid,,,1969-02-19,M,118-659-182,,wei.reid@gmail.com,022 300 1649,03 625 2943,245 Tui Place,Halswell,Christchurch,8025,NZ,Accountant,Auckland Council,0,1998-10-31,Verified,High,N,4,KiwiSaver;Savings,5205.55,3500,731,Christchurch Central,N,N,Dormant
HB-11190,Business,,,,,Summit Roofing Solutions Limited,Summit Roofing,,,126-092-390,9429307340756,accounts@summitroofingsolut.co.nz,027 493 4397,04 795 1240,59 Beach Terrace,Kelburn,Wellington,6012,NZ,,,25000000,1996-04-18,Verified,Medium,N,5,Business Everyday;Overdraft,16663.68,1200000,,Wellington Business Centre,Y,N,Active
HB-11091,Individual,Mr,David,James,Fonoti,,,2000-01-26,M,111-264-010,,david.fonoti@outlook.com,029 916 5486,,46 Nikau Terrace,Frankton,Hamilton,3204,NZ,Unemployed,Fonterra,68000,2019-09-02,Expired,Medium,N,2,Personal Loan,39015.7,3500,654,Hamilton Central,Y,N,Dormant
HB-10735,Individual,Dr,Margaret,,Campbell,,,1954-08-06,F,108-557-312,,margaret.campbell@xtra.co.nz,027 892 0343,,9 Matai Crescent,Halswell,Christchurch,8025,NZ,Builder,Spark,68000,2012-10-28,Verified,Low,N,2,Everyday;KiwiSaver;Savings;Term Deposit,749.53,0,570,Christchurch Central,Y,N,Active
HB-10103,Individual,Mr,Thomas,Louise,Singh,,,1998-09-01,M,115-535-323,,thomas.singh@gmail.com,021 443 8096,,52 Hill Crescent,Miramar,Wellington,6022,NZ,Retail Assistant,Auckland Council,160000,2018-11-19,Verified,Medium,N,5,KiwiSaver,49220.57,0,831,Wellington Central,Y,Y,Active
HB-11111,Individual,Mrs,Aisha,,Fitzgerald,,,1964-12-03,F,130-147-776,,aisha.fitzgerald@gmail.com,027 171 5822,07 999 5001,52 Totara Crescent,Papamoa,Tauranga,3118,NZ,Truck Driver,Ministry of Education,240000,2007-07-19,Verified,Low,N,2,Everyday,2311.3,0,403,Tauranga Central,Y,Y,Active
HB-11131,Individual,Miss,Katherine,,Rossi,,,1970-03-18,F,122-023-266,,katherine.rossi@xtra.co.nz,029 492 8407,,86 Park Avenue,Karori,Wellington,6012,NZ,Truck Driver,Auckland Council,68000,2010-06-14,Pending,Low,N,4,Personal Loan;Savings;Term Deposit,4259.72,3500,618,Wellington Central,Y,N,Active
HB-10308,Individual,Miss,Rachel,John,Stewart,,,1956-09-30,F,110-465-721,,rachel.stewart@xtra.co.nz,022 735 9151,,113 Rimu Road,St Clair,Dunedin,9012,NZ,Sales Manager,Te Whatu Ora,68000,1996-04-13,Pending,Low,N,5,Credit Card;KiwiSaver;Term Deposit,2844.76,0,519,Dunedin Central,N,Y,Active
HB-10678,Individual,Miss,Rachel,,Chen,,,1948-06-16,F,121-413-063,,rachel.chen@gmail.com,027 527 9483,09 228 6854,218 Albert Street,Takapuna,Auckland,0622,NZ,Engineer,Kendrix Engineering Ltd,0,2015-02-25,Verified,Medium,N,3,Savings,35390.47,12000,909,Auckland Central,Y,Y,Active
HB-10774,Individual,Mrs,Aisha,Louise,MacLeod,,,1998-11-29,F,117-121-944,,aisha.macleod@xtra.co.nz,021 623 7303,,"Unit 4, 116 Matai Drive",Remuera,Auckland,1050,NZ,Teacher,Te Whatu Ora,0,2013-02-28,Verified,Medium,N,1,Everyday;Home Loan;KiwiSaver;Savings;Term Deposit,66583.6,350693.2,467,Auckland Central,Y,Y,Dormant
HB-10981,Individual,Ms,Xin,,Wang,,,1971-05-21,F,129-643-391,,xin.wang@xtra.co.nz,022 581 7455,,"Unit 1, 103 Pohutukawa Avenue",Newtown,Wellington,6021,NZ,Nurse,Countdown,0,2000-02-19,Expired,Medium,N,4,Everyday;Home Loan;KiwiSaver;Personal Loan;Term Deposit,8429.42,301397.73,551,Wellington Central,Y,N,Active
HB-10888,Individual,Miss,Sophie,Michael,Nguyen,,,1985-05-06,F,137-906-396,,sophie.nguyen@xtra.co.nz,021 967 1032,,41 Hill Drive,Mount Maunganui,Tauranga,3116,NZ,Truck Driver,Te Whatu Ora,240000,2006-05-16,Verified,High,N,4,Credit Card;Everyday;Savings;Term Deposit,5632.46,0,617,Tauranga Central,Y,N,Active
HB-10719,Individual,Mr,Sione,James,Li,,,1992-10-25,M,106-020-145,,sione.li@outlook.com,022 766 2516,09 552 8570,140 Rata Drive,Onehunga,Auckland,1061,NZ,Accountant,Te Whatu Ora,18000,2015-06-10,Expired,High,Y,2,Credit Card;Home Loan;KiwiSaver;Savings;Term Deposit,38502.95,799532.42,732,Auckland Central,Y,N,Active
HB-10680,Individual,Miss,Charlotte,James,Van der Berg,,,1942-03-31,F,134-005-406,,charlotte.vanderberg@outlook.com,021 189 9652,,56 Kowhai Drive,Newtown,Wellington,6021,NZ,Accountant,Air New Zealand,240000,2019-09-18,Pending,Low,N,1,Credit Card;Everyday;Savings,7272.68,3500,388,Wellington Central,Y,N,Active
HB-10550,Individual,Mr,Jun,Anne,Thompson,,,1954-01-22,M,120-073-432,,jun.thompson@xtra.co.nz,027 703 5928,07 318 8191,196 Clyde Avenue,Otumoetai,Tauranga,3110,NZ,Retail Assistant,Countdown,160000,2008-10-03,Verified,High,N,2,Home Loan;KiwiSaver;Savings,8269.28,736096.73,628,Tauranga Central,Y,Y,Active
HB-10911,Individual,Dr,Sophie,Lee,Faleolo,,,1951-06-29,F,,,sophie.faleolo@xtra.co.nz,029 767 3071,07 888 4117,"Unit 1, 198 Clyde Place",Papamoa,Tauranga,3118,NZ,Sales Manager,Fonterra,0,2007-11-27,Pending,Medium,N,4,Credit Card;Everyday;Term Deposit,6843.49,0,856,Tauranga Central,Y,N,Active
HB-10871,Individual,Ms,Aroha,,Clarke,,,1944-02-14,F,104-744-932,,aroha.clarke@outlook.com,022 230 2948,03 451 9382,4 Matai Terrace,Papanui,Christchurch,8053,NZ,Retail Assistant,Spark,85000,2020-08-07,Verified,High,N,2,Credit Card;Home Loan;KiwiSaver;Personal Loan;Term Deposit,23129.83,765662.06,438,Christchurch Central,Y,Y,Dormant
HB-11145,Individual,Dr,Mohammed,,Johansson,,,1976-02-08,M,124-965-367,,,022 739 5401,,15 Totara Street,St Clair,Dunedin,9012,NZ,Doctor,Fletcher Building,35000,2021-07-08,Verified,Medium,N,1,Everyday;Personal Loan;Term Deposit,19466.71,3500,827,Dunedin Central,Y,Y,Active
HB-10939,Individual,Mrs,Sarah,Kahu,Te Rangi,,,1967-01-15,F,126-165-924,,sarah.terangi@xtra.co.nz,029 362 4840,09 517 7049,116 Albert Drive,Ponsonby,Auckland,1011,NZ,Truck Driver,Te Whatu Ora,160000,2025-05-26,Expired,High,N,2,Credit Card;Personal Loan;Term Deposit,825.91,0,697,Auckland Central,N,Y,Active
HB-11297,Business,,,,,Rangitoto Security Services Limited,,,,102-951-568,9429127065796,accounts@rangitotosecuritys.co.nz,,07 346 6917,"Unit 12, 223 Totara Drive",Frankton,Hamilton,3204,NZ,,,250000,2004-04-17,Verified,High,N,6,Business Everyday;Term Deposit,112610.76,50000,,Hamilton Business Centre,Y,Y,Active
HB-11354,Individual,Dr,Ben,,Mitchell,,,1960-10-19,M,,,,027 869 7039,09 998 2407,1 Nikau Drive,Ponsonby,Auckland,1011,NZ,Electrician,Southern Cross Freight Ltd,85000,2015-07-08,Verified,Low,N,1,Everyday,7452.01,3500,398,Auckland Central,Y,Y,Active
HB-10377,Individual,Mrs,Elizabeth,,Harris,,,1947-05-28,F,,,elizabeth.harris@gmail.com,021 942 3353,,173 Queen Street,Frankton,Hamilton,3204,NZ,Self-employed,Spark,0,2020-04-23,Verified,Low,N,3,Personal Loan;Savings,9752.0,0,899,Hamilton Central,N,Y,Active
HB-10093,Individual,Mr,Matthew,,Kennedy,,,2002-11-25,M,139-895-468,,matthew.kennedy@xtra.co.nz,029 491 0862,,249 Park Place,Miramar,Wellington,6022,NZ,Sales Manager,Te Whatu Ora,0,2005-12-12,Verified,Low,N,2,KiwiSaver;Term Deposit,20719.53,0,520,Wellington Central,Y,N,Active
HB-11241,Business,,,,,Kiwi Fresh Produce Limited,,,,135-845-136,9429347941157,accounts@kiwifreshproduce.co.nz,027 846 1800,03 496 8848,47 Manuka Drive,Riccarton,Christchurch,8011,NZ,,,600000,2015-12-30,Pending,Low,N,4,Overdraft,36144.96,1200000,,Christchurch Business Centre,Y,Y,Active
HB-10299,Individual,Dr,Tevita,Louise,Martin,,,1990-10-15,M,123-552-325,,tevita.martin@xtra.co.nz,027 455 9943,,153 Clyde Road,Henderson,Auckland,0612,NZ,Truck Driver,Harbourview Aged Care Ltd,85000,2017-07-06,Verified,Low,N,3,Credit Card;Home Loan;Savings,5679.56,585715.67,615,Auckland Central,Y,N,Active
HB-11225,Business,,,,,Precision Electrical Services Limited,Precision Sparks,,,111-729-119,9429595485003,accounts@precisionelectrica.co.nz,,04 650 3049,"Unit 12, 144 Manuka Terrace",Karori,Wellington,6012,NZ,,,600000,1996-12-31,Verified,Medium,N,4,Business Everyday;Equipment Finance;Overdraft;Term Deposit,28673.22,0,,Wellington Business Centre,Y,N,Active
HB-11268,Business,,,,,Kauri Joinery Limited,,,,114-099-168,9429829478361,accounts@kaurijoinery.co.nz,022 346 6617,07 507 9757,72 Tui Terrace,Chartwell,Hamilton,3210,NZ,,,8000000,2018-03-17,Verified,Medium,N,3,Equipment Finance;Merchant Services;Term Deposit,69439.44,0,,Hamilton Business Centre,Y,N,Active
HB-10696,Individual,Dr,Susan,,Brown,,,1957-06-19,F,132-047-768,,susan.brown@outlook.com,021 852 9197,,48 Marine Crescent,Frankton,Hamilton,3204,NZ,Self-employed,Self,52000,2020-11-30,Verified,Medium,N,1,Credit Card;KiwiSaver;Personal Loan;Savings,2789.48,0,564,Hamilton Central,Y,N,Active
HB-10766,Individual,Mrs,Sarah,Jane,Brown,,,1982-01-31,F,124-069-741,,sarah.brown@xtra.co.nz,027 701 5244,03 342 1274,"Unit 6, 128 Seaview Terrace",Mornington,Dunedin,9011,NZ,Doctor,Harbourview Aged Care Ltd,85000,2020-01-29,Pending,Low,N,5,KiwiSaver;Personal Loan;Savings;Term Deposit,18271.29,0,857,Dunedin Central,Y,N,Active
HB-10728,Individual,Dr,Sophie,,Johansson,,,1998-10-26,F,129-524-056,,,021 408 9887,,157 Church Terrace,St Clair,Dunedin,9012,NZ,Electrician,Self,0,2019-07-26,Expired,Low,N,2,Everyday;KiwiSaver;Personal Loan;Savings,19548.89,0,757,Dunedin Central,Y,Y,Active
HB-10942,Individual,Ms,Losa,,Williams,,,1984-07-22,F,130-694-216,,losa.williams@outlook.com,029 504 0470,,"Unit 10, 35 Matai Place",Sumner,Christchurch,8081,NZ,Farmer,Ministry of Education,35000,2013-07-12,Pending,Low,N,3,Everyday;Personal Loan,116090.57,12000,820,Christchurch Central,Y,Y,Active
HB-10865,Individual,Miss,Sophie,,Van der Berg,,,1979-04-21,F,136-967-480,,,021 109 6686,03 808 5268,203 Beach Avenue,Halswell,Christchurch,8025,NZ,Retail Assistant,Auckland Council,52000,2003-07-06,Verified,Medium,N,1,Savings;Term Deposit,61552.43,12000,736,Christchurch Central,N,N,Active
HB-11311,Business,,,,,Harvest Food Manufacturing Limited,,,,118-856-184,9429357674446,accounts@harvestfoodmanufac.co.nz,,07 375 1938,112 Great North Crescent,Frankton,Hamilton,3204,NZ,,,250000,2020-12-10,Verified,Medium,N,3,Term Deposit,2507236.56,250000,,Hamilton Business Centre,Y,N,Active
HB-10208,Individual,Dr,Wei,,Sharma,,,1988-01-09,M,131-961-464,,wei.sharma@xtra.co.nz,027 548 5193,,"Unit 12, 25 Rata Place",Kelburn,Wellington,6012,NZ,Builder,Countdown,18000,2006-03-28,Verified,High,N,3,Term Deposit,3364.88,3500,656,Wellington Central,Y,N,Active
HB-10808,Individual,Mr,James,,Anderson,,,2005-12-14,M,135-524-895,,james.anderson@outlook.com,021 111 4313,,20 Hill Street,Roslyn,Dunedin,9010,NZ,Accountant,Kendrix Engineering Ltd,160000,2024-05-18,Verified,High,N,1,Credit Card;KiwiSaver;Personal Loan;Savings,23486.76,0,680,Dunedin Central,Y,Y,Active
HB-10213,Individual,Dr,Isla,,Wilson,,,1959-01-28,F,113-324-588,,isla.wilson@xtra.co.nz,021 695 1692,07 639 5029,173 Rata Crescent,Papamoa,Tauranga,3118,NZ,Nurse,,52000,2019-08-22,Verified,Low,N,3,Everyday;Home Loan;KiwiSaver;Personal Loan;Savings,29892.26,156612.0,357,Tauranga Central,Y,N,Deceased
HB-10998,Individual,Mr,Wei,,Kim,,,1982-05-03,M,107-224-505,,wei.kim@gmail.com,021 365 4587,03 712 7977,128 Clyde Road,Riccarton,Christchurch,8011,NZ,Accountant,Air New Zealand,0,1997-10-25,Verified,Low,N,3,Credit Card;Everyday;KiwiSaver;Term Deposit,9273.93,3500,460,Christchurch Central,Y,Y,Active
HB-11233,Business,,,,,Titan Crane Hire Limited,,,,116-837-458,9429406021380,accounts@titancranehire.co.nz,022 989 2108,03 377 2119,17 Kowhai Place,St Clair,Dunedin,9012,NZ,,,1200000,2022-09-09,Verified,High,N,1,Business Credit Card;Business Everyday;Merchant Services;Overdraft,169555.44,1200000,,Dunedin Business Centre,Y,N,Active
HB-10374,Individual,Dr,Sione,Rose,Murray,,,1940-03-23,M,130-519-435,,sione.murray@xtra.co.nz,021 542 0304,,114 Victoria Avenue,Johnsonville,Wellington,6037,NZ,Farmer,Fletcher Building,240000,1997-12-23,Verified,Low,N,2,KiwiSaver;Savings,10427.78,0,757,Wellington Central,N,N,Active
HB-10032,Individual,Dr,Daniel,,Kim,,,1983-12-27,M,120-748-636,,daniel.kim@gmail.com,022 572 9992,03 915 9965,"Unit 10, 46 Kereru Drive",Roslyn,Dunedin,9010,NZ,Chef,Fletcher Building,160000,2009-09-04,Verified,Low,N,1,Everyday;Home Loan;KiwiSaver;Term Deposit,1034.66,689741.17,817,Dunedin Central,Y,Y,Active
HB-10313,Individual,Dr,Aroha,,Wilson,,,1949-05-14,F,123-884-131,,aroha.wilson@gmail.com,027 447 2874,04 824 9533,181 Park Drive,Newtown,Wellington,6021,NZ,Farmer,Auckland Council,110000,2023-01-08,Verified,Low,N,3,Home Loan;Savings;Term Deposit,1694.03,637305.06,763,Wellington Central,Y,N,Active
HB-11103,Individual,Mrs,Fiona,Jane,Smith,,,1966-03-13,F,124-865-694,,,029 106 4376,07 769 3261,210 Harbour Terrace,Papamoa,Tauranga,3118,NZ,Engineer,,85000,1996-09-26,Pending,Low,N,2,Credit Card;Everyday;Personal Loan;Savings,12269.03,0,707,Tauranga Central,Y,Y,Active
HB-10334,Individual,Mr,Andrew,,Hughes,,,1998-10-20,M,117-696-842,,andrew.hughes@xtra.co.nz,027 825 3312,,101 Marine Street,Karori,Wellington,6012,NZ,Teacher,Fletcher Building,35000,2009-11-08,Verified,Medium,N,2,Home Loan;KiwiSaver;Personal Loan;Term Deposit,4298.62,556857.11,474,Wellington Central,N,Y,Active
HB-10790,Individual,Dr,Tane,Michael,MacLeod,,,1987-05-21,M,113-386-279,,,029 454 8199,,"Unit 4, 22 Victoria Road",Mornington,Dunedin,9011,NZ,Accountant,Southern Cross Freight Ltd,18000,2020-01-12,Verified,Low,Y,5,Savings,8856.37,12000,697,Dunedin Central,N,N,Active
HB-11334,Business,,,,,Northcote Bakery Limited,,,,130-727-715,9429935327694,accounts@northcotebakery.co.nz,,07 294 4440,71 Marine Drive,Otumoetai,Tauranga,3110,NZ,,,25000000,1995-01-28,Verified,Low,N,4,Business Credit Card;Business Savings;Merchant Services;Term Deposit,40831.98,50000,,Tauranga Business Centre,Y,Y,Active
HB-11179,Business,,,,,Pacific Steel Fabricators Limited,PSF Steel,,,114-107-770,9429239551290,accounts@pacificsteelfabric.co.nz,027 115 8523,03 546 4410,50 Kowhai Terrace,Mornington,Dunedin,9011,NZ,,,1200000,2000-12-27,Verified,Medium,N,4,Business Savings;Equipment Finance;Overdraft;Term Deposit,8789.04,0,,Dunedin Business Centre,Y,Y,Active
HB-10636,Individual,Mrs,Zoe,,Nguyen,,,1992-07-22,F,120-690-351,,,021 489 6120,09 796 1789,52 Victoria Street,Papatoetoe,Auckland,2025,NZ,Electrician,,160000,2025-09-04,Verified,Low,N,3,KiwiSaver;Personal Loan;Savings,19368.69,0,893,Auckland Central,Y,Y,Active
HB-11197,Business,,,,,Greenway Landscaping Limited,,,,115-721-538,9429537566116,accounts@greenwaylandscapin.co.nz,,07 423 9899,15 Park Road,Frankton,Hamilton,3204,NZ,,,3500000,1996-06-21,Verified,Medium,N,1,Business Credit Card;Business Everyday,978509.52,1200000,,Hamilton Business Centre,Y,Y,Active
HB-10769,Individual,Dr,Jun,,Tuilagi,,,1973-12-14,M,137-762-876,,jun.tuilagi@xtra.co.nz,027 396 9368,03 551 5491,223 Totara Street,Halswell,Christchurch,8025,NZ,Nurse,Self,35000,2015-01-11,Verified,Medium,N,2,Everyday;KiwiSaver;Savings,4800.12,0,505,Christchurch Central,N,N,Active
HB-10192,Individual,Dr,Isla,Paul,Patel,,,1944-05-12,F,133-560-644,,isla.patel@xtra.co.nz,027 186 8717,,49 Kauri Place,Halswell,Christchurch,8025,NZ,Retail Assistant,Spark,85000,2023-04-10,Verified,Low,N,5,Everyday;KiwiSaver;Personal Loan;Savings,1554.87,0,912,Christchurch Central,Y,Y,Active
HB-10057,Individual,Mr,Joshua,,MacLeod,,,1952-09-23,M,111-535-710,,joshua.macleod@xtra.co.nz,022 350 0324,03 213 7956,"Unit 11, 10 Church Crescent",Papanui,Christchurch,8053,NZ,Public Servant,Countdown,18000,2015-06-30,Verified,Medium,Y,4,Personal Loan;Term Deposit,5549.4,12000,575,Christchurch Central,Y,Y,Active
HB-11046,Individual,Miss,Charlotte,Paul,Clarke,,,1979-07-27,F,119-514-599,,charlotte.clarke@xtra.co.nz,022 272 5487,,63 Clyde Crescent,Johnsonville,Wellington,6037,NZ,Public Servant,Te Whatu Ora,240000,2025-08-13,Verified,Low,N,1,Term Deposit,65799.88,0,747,Wellington Central,Y,Y,Active
HB-10157,Individual,Dr,Isla,,Sharma,,,1995-01-13,F,108-311-879,,isla.sharma@gmail.com,027 199 0134,09 520 5883,119 Nikau Street,Onehunga,Auckland,1061,NZ,Software Developer,,0,2002-05-09,Expired,High,N,5,Everyday;KiwiSaver,4705.34,3500,867,Auckland Central,Y,N,Active
HB-10996,Individual,Miss,Charlotte,Louise,Tuhiwai,,,1979-04-03,F,117-745-489,,charlotte.tuhiwai@outlook.com,021 706 8019,,"Unit 3, 87 Hill Crescent",Chartwell,Hamilton,3210,NZ,Retail Assistant,Te Whatu Ora,18000,2020-10-31,Verified,Medium,N,1,Everyday;KiwiSaver;Term Deposit,66350.81,3500,751,Hamilton Central,Y,N,Active
HB-10012,Individual,Dr,Grace,,Tuilagi,,,1943-01-22,F,123-362-096,,grace.tuilagi@xtra.co.nz,022 982 2941,07 759 5504,129 Rata Drive,Papamoa,Tauranga,3118,NZ,Public Servant,Ministry of Education,240000,2001-10-09,Verified,Low,N,2,Savings,6490.17,0,745,Tauranga Central,Y,N,Active
HB-10760,Individual,Dr,Oliver,,Tuilagi,,,1966-08-15,M,114-729-362,,oliver.tuilagi@xtra.co.nz,022 259 3675,03 212 4074,80 Pohutukawa Street,Papanui,Christchurch,8053,NZ,Unemployed,Harbourview Aged Care Ltd,52000,2006-08-01,Verified,Low,N,5,KiwiSaver;Savings,61060.78,12000,386,Christchurch Central,Y,N,Dormant
HB-10246,Individual,Mr,Samuel,Marie,Li,,,1987-06-09,M,122-340-683,,,021 980 4966,03 898 4246,"Unit 7, 133 Totara Road",Merivale,Christchurch,8014,NZ,Student,Countdown,18000,2022-07-14,Verified,Low,N,5,Credit Card;Home Loan;KiwiSaver;Savings;Term Deposit,33643.27,556564.01,377,Christchurch Central,Y,N,Active
HB-10117,Individual,Dr,Losa,Louise,Kim,,,1995-11-14,F,133-892-401,,losa.kim@gmail.com,021 531 2811,,130 Kowhai Street,Otumoetai,Tauranga,3110,NZ,Software Developer,Fonterra,52000,2013-10-01,Verified,Low,N,3,Credit Card;Savings;Term Deposit,45031.26,0,885,Tauranga Central,N,N,Dormant
HB-10478,Individual,Mr,Callum,,Murray,,,1990-12-11,M,132-323-451,,,029 141 0678,04 313 1949,78 Seaview Avenue,Karori,Wellington,6012,NZ,Chef,Kendrix Engineering Ltd,18000,2023-07-17,Verified,High,N,2,Home Loan;KiwiSaver;Term Deposit,65422.95,805918.43,543,Wellington Central,Y,N,Active
HB-10606,Individual,Mrs,Isla,,Li,,,1962-08-29,F,134-164-853,,isla.li@outlook.com,022 247 8824,,"Unit 5, 85 Seaview Road",Mornington,Dunedin,9011,NZ,Self-employed,Te Whatu Ora,110000,2022-11-14,Verified,Low,N,5,Credit Card;Everyday;KiwiSaver;Term Deposit,78914.93,0,780,Dunedin Central,Y,N,Active
HB-10637,Individual,Dr,Mateo,,Anderson,,,1978-03-04,M,105-397-681,,mateo.anderson@outlook.com,021 722 6025,,7 Tui Terrace,Karori,Wellington,6012,NZ,Farmer,Spark,68000,2019-12-23,Verified,Low,N,1,Credit Card;Savings;Term Deposit,472620.13,0,689,Wellington Central,N,N,Active
HB-10163,Individual,Dr,Thomas,Marie,Pohatu,,,1976-02-27,M,100-576-386,,thomas.pohatu@gmail.com,029 773 2654,,"Unit 6, 214 Beach Street",Otumoetai,Tauranga,3110,NZ,Retired,Fonterra,18000,1995-05-27,Verified,Low,N,4,KiwiSaver,7067.94,0,541,Tauranga Central,Y,Y,Active
HB-10923,Individual,Mr,Arjun,Ann,Fitzgerald,,,1973-01-12,M,124-601-755,,,022 819 2189,07 309 4200,17 Marine Avenue,Chartwell,Hamilton,3210,NZ,Farmer,Fletcher Building,110000,2003-11-22,Pending,Low,Y,4,KiwiSaver;Personal Loan;Savings;Term Deposit,6516.38,0,731,Hamilton Central,Y,N,Active
HB-10415,Individual,Mr,Tane,James,Tuhiwai,,,1989-12-20,M,102-201-119,,tane.tuhiwai@outlook.com,021 747 5952,04 944 4277,241 Marine Crescent,Newtown,Wellington,6021,NZ,Retail Assistant,Te Whatu Ora,160000,2012-10-11,Expired,Low,N,3,Credit Card;Savings;Term Deposit,24572.77,0,423,Wellington Central,Y,Y,Active
HB-10703,Individual,Miss,Jennifer,,Wang,,,1998-03-09,F,135-329-679,,jennifer.wang@outlook.com,022 323 4721,03 400 7412,"Unit 8, 80 Pohutukawa Crescent",St Clair,Dunedin,9012,NZ,Truck Driver,Te Whatu Ora,85000,2002-07-25,Pending,Low,N,1,Credit Card;Everyday;Personal Loan,12740.83,3500,941,Dunedin Central,Y,N,Active
HB-10612,Individual,Miss,Zoe,,Kennedy,,,1943-07-21,F,,,zoe.kennedy@gmail.com,022 101 7276,,"Unit 9, 116 Clyde Place",Takapuna,Auckland,0622,NZ,Sales Manager,Self,52000,2018-02-21,Verified,Low,N,3,Everyday;Term Deposit,4482.23,0,676,Auckland Central,Y,N,Active
HB-10671,Individual,Miss,Katherine,Paul,Rossi,,,1961-04-30,F,,,katherine.rossi@outlook.com,022 958 0975,,194 Tui Avenue,Otumoetai,Tauranga,3110,NZ,Self-employed,Air New Zealand,18000,2011-08-18,Pending,Low,N,1,Everyday;Home Loan,3008.08,195932.23,352,Tauranga Central,Y,N,Active
HB-10065,Individual,Dr,Grace,,Hughes,,,1997-09-16,F,135-915-760,,grace.hughes@outlook.com,022 659 3510,03 975 3071,95 Manuka Place,Riccarton,Christchurch,8011,NZ,Software Developer,Harbourview Aged Care Ltd,35000,2023-08-05,Expired,Low,N,3,Credit Card;KiwiSaver;Personal Loan;Savings,1870.79,0,795,Christchurch Central,Y,N,Active
HB-10829,Individual,Dr,Mohammed,,Johansson,,,1967-08-05,M,114-294-905,,mohammed.johansson@xtra.co.nz,022 944 1559,,"Unit 7, 219 Marine Crescent",Newtown,Wellington,6021,NZ,Public Servant,Countdown,110000,2002-06-27,Pending,Medium,N,1,Credit Card,32259.02,0,560,Wellington Central,N,N,Active
HB-10727,Individual,Mrs,Jessica,Paul,MacLeod,,,1948-09-10,F,136-902-876,,jessica.macleod@gmail.com,027 676 6175,,"Unit 1, 201 Nikau Crescent",St Clair,Dunedin,9012,NZ,Sales Manager,Southern Cross Freight Ltd,85000,2015-10-14,Verified,Low,N,5,Credit Card;Home Loan;KiwiSaver;Term Deposit,15852.59,338024.63,452,Dunedin Central,Y,Y,Active
HB-10356,Individual,Miss,Aroha,John,Parata,,,2001-06-28,F,,,,029 973 5687,04 581 7102,228 Rata Avenue,Miramar,Wellington,6022,NZ,Teacher,Fonterra,85000,2024-02-27,Verified,Medium,N,1,Everyday;Home Loan;Personal Loan;Savings;Term Deposit,771.64,767862.5,528,Wellington Central,Y,Y,Active
HB-10935,Individual,Miss,Zoe,,Young,,,1967-04-06,F,,,zoe.young@outlook.com,027 234 7463,07 732 8909,79 Ranui Street,Mount Maunganui,Tauranga,3116,NZ,Sales Manager,Kendrix Engineering Ltd,52000,2025-04-08,Verified,High,N,4,KiwiSaver;Savings;Term Deposit,7943.37,0,676,Tauranga Central,Y,Y,Active
HB-10253,Individual,Miss,Xin,,Smith,,,1998-09-28,F,133-289-852,,xin.smith@xtra.co.nz,022 151 6806,,"Unit 3, 42 Ranui Place",Hillcrest,Hamilton,3216,NZ,Public Servant,Air New Zealand,35000,2002-10-10,Verified,Low,N,2,Everyday,49068.39,0,829,Hamilton Central,Y,Y,Active
HB-11335,Business,,,,,Tūī Brewing Collective Limited,,,,116-153-314,9429695047423,accounts@tūībrewingcollecti.co.nz,022 610 7886,09 220 4142,"Unit 6, 137 Clyde Crescent",Henderson,Auckland,0612,NZ,,,8000000,2001-10-06,Verified,High,N,5,Equipment Finance;Merchant Services;Overdraft;Term Deposit,491726.76,0,,Auckland Business Centre,Y,Y,Active
HB-10327,Individual,Dr,Priya,Jane,Clarke,,,1950-12-26,F,126-128-988,,priya.clarke@outlook.com,022 250 2365,,192 Beach Avenue,Frankton,Hamilton,3204,NZ,Builder,Fletcher Building,160000,2001-08-16,Verified,Medium,N,4,Savings;Term Deposit,78834.98,0,402,Hamilton Central,N,Y,Active
HB-10879,Individual,Mr,William,,Faleolo,,,1991-11-29,M,105-045-208,,william.faleolo@outlook.com,027 207 1829,09 317 1564,141 Seaview Place,Remuera,Auckland,1050,NZ,Retired,Self,52000,1998-03-17,Verified,Low,N,1,KiwiSaver;Savings,21212.75,0,543,Auckland Central,Y,Y,Active
HB-11030,Individual,Ms,Jennifer,Jane,Te Rangi,,,1994-03-29,F,118-506-340,,jennifer.terangi@xtra.co.nz,022 874 1319,,44 Matai Terrace,Chartwell,Hamilton,3210,NZ,Self-employed,Countdown,35000,1999-11-02,Verified,Medium,N,4,Credit Card,23219.56,0,566,Hamilton Central,Y,Y,Active
HB-10203,Individual,Miss,Jennifer,,Wilson,,,2000-01-09,F,128-711-091,,jennifer.wilson@outlook.com,021 986 2356,,104 Hill Place,Remuera,Auckland,1050,NZ,Self-employed,Spark,85000,1996-12-14,Verified,Medium,N,3,Everyday;KiwiSaver;Personal Loan;Term Deposit,81805.39,0,709,Auckland Central,N,N,Active
HB-10389,Individual,Dr,Tane,Michael,Zhang,,,1953-02-09,M,135-096-860,,,022 984 1105,07 593 7853,166 Totara Road,Mount Maunganui,Tauranga,3116,NZ,Software Developer,Te Whatu Ora,68000,2004-10-25,Verified,Low,N,4,Everyday,86728.2,0,622,Tauranga Central,Y,Y,Active
HB-10221,Individual,Miss,Ananya,Lee,Ahmed,,,1988-05-25,F,136-422-722,,ananya.ahmed@gmail.com,022 731 2127,04 522 4592,118 Kereru Drive,Newtown,Wellington,6021,NZ,Software Developer,Auckland Council,35000,2011-09-26,Verified,Medium,N,2,Everyday;Savings;Term Deposit,6651.17,12000,575,Wellington Central,Y,N,Active
HB-10095,Individual,Miss,Olivia,Paul,Chen,,,1991-08-22,F,118-980-655,,olivia.chen@outlook.com,029 878 3348,,223 Station Road,Papamoa,Tauranga,3118,NZ,Chef,Spark,18000,2016-01-16,Verified,High,N,2,Everyday;KiwiSaver;Personal Loan;Savings,37406.68,3500,742,Tauranga Central,N,N,Active
HB-10632,Individual,Mr,Ethan,Ann,Wilson,,,1995-09-07,M,113-850-557,,ethan.wilson@gmail.com,029 374 5787,03 827 5849,"Unit 3, 240 Clyde Terrace",Riccarton,Christchurch,8011,NZ,Retail Assistant,Te Whatu Ora,18000,1997-11-24,Pending,Low,N,4,Personal Loan,55570.17,0,577,Christchurch Central,Y,Y,Active
HB-10067,Individual,Dr,Andrew,Paul,Brown,,,1973-08-21,M,126-758-324,,andrew.brown@xtra.co.nz,022 137 1318,03 266 4101,15 Rimu Street,Roslyn,Dunedin,9010,NZ,Farmer,Te Whatu Ora,160000,2004-05-14,Verified,Low,N,3,KiwiSaver;Personal Loan,30339.84,12000,687,Dunedin Central,Y,Y,Active
HB-10566,Individual,Mr,Peter,Jane,Anderson,,,1955-04-14,M,,,peter.anderson@gmail.com,022 108 4364,09 793 1121,82 Victoria Street,Papatoetoe,Auckland,2025,NZ,Sales Manager,Fletcher Building,0,2022-10-08,Verified,Low,N,3,Everyday;KiwiSaver;Term Deposit,44683.79,0,690,Auckland Central,Y,N,Active
HB-11026,Individual,Mr,Oliver,,White,,,1968-10-27,M,132-391-321,,oliver.white@outlook.com,021 884 6403,04 657 5344,195 Station Crescent,Johnsonville,Wellington,6037,NZ,Nurse,Spark,240000,2020-08-11,Expired,Low,N,1,Personal Loan;Term Deposit,122505.68,0,851,Wellington Central,Y,N,Active
HB-11119,Individual,Mr,Anthony,,Rossi,,,1969-02-10,M,111-579-024,,,022 860 4107,,186 Kauri Avenue,St Clair,Dunedin,9012,NZ,Public Servant,Self,68000,2016-01-26,Pending,Medium,N,2,Credit Card;Personal Loan;Savings,15801.7,12000,760,Dunedin Central,Y,N,Dormant
HB-10563,Individual,Mr,Hemi,John,Kim,,,1983-03-09,M,122-914-014,,hemi.kim@xtra.co.nz,021 898 4558,03 787 8015,164 Clyde Drive,Roslyn,Dunedin,9010,NZ,Engineer,Countdown,240000,2003-10-25,Verified,Low,N,2,Everyday;Savings;Term Deposit,116924.15,12000,419,Dunedin Central,Y,Y,Active
HB-10348,Individual,Dr,Arjun,Lee,Campbell,,,1968-06-06,M,113-846-708,,arjun.campbell@outlook.com,022 698 6918,09 515 1612,19 Hill Crescent,Onehunga,Auckland,1061,NZ,Builder,Auckland Council,35000,2001-04-17,Verified,High,N,4,Credit Card;Personal Loan,11503.97,12000,371,Auckland Central,Y,Y,Active
HB-10082,Individual,Mrs,Charlotte,John,Te Rangi,,,1941-03-09,F,123-391-953,,,021 418 3145,04 449 8025,190 Station Street,Newtown,Wellington,6021,NZ,Chef,Fletcher Building,35000,1999-01-22,Verified,Medium,N,4,Home Loan;Personal Loan;Savings,8062.75,377238.22,545,Wellington Central,Y,N,Deceased
HB-10288,Individual,Mrs,Ruby,Paul,Murray,,,1980-11-23,F,111-333-636,,ruby.murray@xtra.co.nz,027 312 7525,04 916 5656,"Unit 7, 132 Harbour Street",Newtown,Wellington,6021,NZ,Retired,Air New Zealand,52000,2020-02-26,Pending,Low,N,1,Credit Card;KiwiSaver;Term Deposit,15146.89,3500,493,Wellington Central,Y,Y,Active
HB-11371,Individual,Mr,Wiremu,,White,,,1953-03-07,M,,,,022 793 7674,,124 Harbour Avenue,Roslyn,Dunedin,9010,NZ,Truck Driver,Countdown,68000,2007-07-01,Verified,Medium,N,1,Everyday,30123.18,0,905,Dunedin Central,Y,Y,Active
HB-11071,Individual,Dr,Peter,James,MacLeod,,,1980-01-08,M,100-807-135,,peter.macleod@outlook.com,029 321 1646,,71 Clyde Road,Roslyn,Dunedin,9010,NZ,Electrician,Air New Zealand,68000,2005-01-15,Verified,High,N,1,KiwiSaver,4404.33,0,882,Dunedin Central,Y,N,Active
HB-10402,Individual,Miss,Lucy,,Reid,,,2001-12-06,F,119-725-889,,lucy.reid@gmail.com,027 336 2851,07 948 5053,122 Harbour Avenue,Otumoetai,Tauranga,3110,NZ,Unemployed,Self,160000,2000-05-15,Verified,Low,N,2,Everyday;Term Deposit,5565.24,0,608,Tauranga Central,Y,N,Active
HB-10904,Individual,Miss,Jennifer,Anne,Patel,,,1969-09-04,F,125-341-510,,jennifer.patel@outlook.com,027 414 6612,03 324 3612,"Unit 6, 159 Queen Street",St Clair,Dunedin,9012,NZ,Engineer,Air New Zealand,68000,2017-12-25,Expired,High,N,1,Everyday;KiwiSaver,1350.68,0,931,Dunedin Central,Y,N,Active
HB-11047,Individual,Ms,Emily,Marie,Li,,,1968-04-05,F,107-277-817,,,022 557 5198,,30 Ranui Place,Karori,Wellington,6012,NZ,Student,Harbourview Aged Care Ltd,35000,2009-10-09,Expired,Medium,N,1,Everyday;Term Deposit,97626.46,0,428,Wellington Central,Y,N,Active
HB-10230,Individual,Dr,Benjamin,,Murray,,,1956-10-02,M,,,benjamin.murray@outlook.com,029 784 8702,07 286 4977,"Unit 1, 109 Tui Road",Chartwell,Hamilton,3210,NZ,Engineer,Fletcher Building,68000,2003-02-14,Expired,Medium,N,1,Everyday,48894.96,3500,716,Hamilton Central,Y,N,Active
HB-11207,Business,,,,,Ironbark Demolition Limited,,,,138-598-175,9429936191245,accounts@ironbarkdemolition.co.nz,021 914 7746,04 240 2986,21 Ranui Terrace,Miramar,Wellington,6022,NZ,,,600000,2000-06-01,Verified,Medium,N,1,Business Credit Card;Equipment Finance;Merchant Services;Overdraft,179757.36,0,,Wellington Business Centre,Y,N,Active
HB-11370,Individual,Mr,Mateo,,Anderson,,,1978-03-04,M,,,,021 722 6025,,7 Tui Terrace,Karori,Wellington,6012,NZ,Farmer,Spark,68000,2003-07-28,Verified,Low,N,1,Everyday,4082.81,3500,527,Wellington Central,Y,N,Active
HB-10513,Individual,Mr,Ethan,,Ahmed,,,1998-12-20,M,,,ethan.ahmed@xtra.co.nz,022 284 6288,04 444 5246,"Unit 6, 195 Beach Crescent",Kelburn,Wellington,6012,NZ,Farmer,Harbourview Aged Care Ltd,52000,2016-02-28,Verified,Low,N,4,KiwiSaver;Personal Loan,37959.76,0,461,Wellington Central,Y,N,Active
HB-11062,Individual,Mr,Rawiri,,Rossi,,,2003-06-21,M,113-107-372,,rawiri.rossi@gmail.com,021 376 4661,,188 Matai Drive,Hillcrest,Hamilton,3216,NZ,Retired,Auckland Council,85000,2007-03-25,Expired,Low,N,3,Credit Card;Personal Loan;Savings;Term Deposit,208215.13,0,842,Hamilton Central,N,Y,Active
HB-10610,Individual,Dr,Hamish,Marie,Harris,,,1992-07-24,M,103-039-741,,hamish.harris@gmail.com,029 974 0682,,68 Great North Crescent,Newtown,Wellington,6021,NZ,Engineer,Countdown,52000,2004-08-27,Pending,Medium,N,2,Everyday;Personal Loan;Term Deposit,99770.29,3500,821,Wellington Central,N,N,Active
HB-11283,Business,,,,,Tasman Vineyards Limited,,,,135-450-288,,accounts@tasmanvineyards.co.nz,,03 261 3089,90 Tui Road,Roslyn,Dunedin,9010,NZ,,,3500000,2012-09-12,Verified,Low,N,4,Business Credit Card;Business Everyday;Business Savings;Equipment Finance,53476.44,1200000,,Dunedin Business Centre,Y,N,Active
HB-10231,Individual,Mrs,Losa,,Reid,,,1998-09-09,F,112-842-912,,,021 138 5201,07 308 7322,58 Seaview Avenue,Mount Maunganui,Tauranga,3116,NZ,Public Servant,Ministry of Education,52000,2005-01-13,Verified,Medium,N,5,Credit Card;Home Loan;Personal Loan,38196.17,235784.83,734,Tauranga Central,N,Y,Active
HB-10294,Individual,Dr,James,Grace,Li,,,1961-07-17,M,128-558-929,,james.li@gmail.com,029 285 5929,09 350 4592,119 Kowhai Terrace,Ponsonby,Auckland,1011,NZ,Nurse,Kendrix Engineering Ltd,0,2021-06-11,Verified,Low,N,2,KiwiSaver;Term Deposit,19447.54,3500,515,Auckland Central,Y,N,Active
HB-10619,Individual,Miss,Mele,Mei,Kim,,,1952-11-11,F,117-939-096,,mele.kim@gmail.com,021 936 2144,,173 Matai Avenue,Karori,Wellington,6012,NZ,Nurse,Harbourview Aged Care Ltd,18000,2024-08-25,Verified,Low,N,4,Home Loan;Term Deposit,95818.31,622101.27,880,Wellington Central,Y,N,Dormant
HB-11134,Individual,Mrs,Olivia,,Mitchell,,,1954-04-28,F,131-885-082,,olivia.mitchell@gmail.com,022 144 4970,,89 Clyde Avenue,Henderson,Auckland,0612,NZ,Chef,Ministry of Education,68000,2009-08-10,Expired,High,N,2,Credit Card;Everyday;Home Loan;KiwiSaver;Savings,7251.34,201216.18,427,Auckland Central,Y,N,Active
HB-10956,Individual,Dr,Benjamin,Michael,Taylor,,,1958-12-30,M,138-029-574,,benjamin.taylor@xtra.co.nz,029 363 3132,,202 Kauri Terrace,Mount Eden,Auckland,1024,NZ,Engineer,Kendrix Engineering Ltd,85000,2007-06-05,Verified,Low,N,4,Everyday;KiwiSaver;Savings;Term Deposit,8438.49,0,475,Auckland Central,Y,N,Deceased
HB-11151,Business,,,,,Kendrix Engineering Limited,Kendrix Eng,,,127-705-880,9429763289682,accounts@kendrixengineering.co.nz,021 529 1241,03 714 8058,"Unit 8, 115 Seaview Terrace",Mornington,Dunedin,9011,NZ,,,600000,2024-03-13,Pending,Medium,N,2,Business Credit Card;Business Savings;Equipment Finance;Overdraft,154574.82,1200000,,Dunedin Business Centre,Y,N,Active
HB-10085,Individual,Mr,David,,Scott,,,1974-01-08,M,117-222-610,,david.scott@gmail.com,022 915 2968,,"Unit 10, 169 Ranui Street",Kelburn,Wellington,6012,NZ,Software Developer,Auckland Council,68000,1996-03-25,Expired,Medium,N,4,Credit Card;Personal Loan;Savings;Term Deposit,24262.99,12000,608,Wellington Central,Y,Y,Active
HB-10746,Individual,Mrs,Xin,,Wilson,,,1947-08-22,F,101-630-413,,xin.wilson@gmail.com,021 196 7499,07 887 9228,74 Nikau Avenue,Otumoetai,Tauranga,3110,NZ,Unemployed,Southern Cross Freight Ltd,240000,2020-02-14,Verified,Medium,N,4,KiwiSaver,7909.32,12000,771,Tauranga Central,N,Y,Active
HB-10439,Individual,Dr,Ethan,,Rossi,,,1959-09-19,M,135-820-592,,ethan.rossi@outlook.com,029 404 6519,03 377 4964,69 Ranui Street,Riccarton,Christchurch,8011,NZ,Lawyer,Self,52000,2008-11-19,Verified,Low,N,4,Everyday;Personal Loan;Savings;Term Deposit,3536.05,0,841,Christchurch Central,Y,N,Active
HB-10841,Individual,Mrs,Mei,,Wilson,,,2005-03-13,F,123-048-146,,mei.wilson@gmail.com,022 265 5963,09 599 5707,133 Queen Road,Henderson,Auckland,0612,NZ,Software Developer,Countdown,85000,2013-02-12,Pending,Low,N,4,Credit Card;Home Loan;Personal Loan;Savings,9778.5,261332.99,560,Auckland Central,Y,N,Active
HB-11037,Individual,Dr,Anthony,,Brown,,,1955-10-16,M,114-450-199,,,021 418 4162,,46 Totara Crescent,Onehunga,Auckland,1061,NZ,Builder,Ministry of Education,0,1998-08-25,Verified,Low,N,1,Credit Card;KiwiSaver;Personal Loan,5983.6,12000,470,Auckland Central,Y,N,Active
HB-10342,Individual,Mr,Benjamin,,Taylor,,,1962-02-05,M,100-046-942,,benjamin.taylor@outlook.com,027 286 1786,,194 Station Avenue,Papanui,Christchurch,8053,NZ,Retired,Fletcher Building,160000,2025-04-23,Pending,Low,N,3,KiwiSaver,12665.84,3500,454,Christchurch Central,Y,Y,Dormant
HB-11199,Business,,,,,Matariki Early Learning Limited,,,,104-105-474,9429357186040,accounts@matarikiearlylearn.co.nz,,04 270 3205,118 Park Terrace,Karori,Wellington,6012,NZ,,,25000000,2024-09-21,Verified,High,N,4,Business Credit Card;Business Everyday;Business Savings;Merchant Services,33760.86,0,,Wellington Business Centre,Y,Y,Active
HB-11243,Business,,,,,Meridian Cleaning Services Limited,,,,103-556-145,,accounts@meridiancleaningse.co.nz,022 796 2542,03 679 3042,201 Tui Crescent,Roslyn,Dunedin,9010,NZ,,,600000,2011-12-06,Verified,Medium,N,2,Business Credit Card;Business Savings;Merchant Services;Overdraft,233095.5,0,,Dunedin Business Centre,Y,Y,Active
HB-10845,Individual,Mr,James,,Sharma,,,1940-03-17,M,116-060-295,,james.sharma@outlook.com,029 178 4354,,78 Totara Drive,Mount Eden,Auckland,1024,NZ,Student,Countdown,160000,1997-02-21,Pending,Low,N,3,Everyday;Home Loan,105386.87,363681.55,762,Auckland Central,Y,N,Dormant
HB-10501,Individual,Mr,Hemi,,O'Brien,,,1973-07-30,M,123-425-543,,hemi.obrien@outlook.com,029 588 3965,09 869 2629,232 Manuka Crescent,Ponsonby,Auckland,1011,NZ,Public Servant,Kendrix Engineering Ltd,35000,1995-02-05,Pending,Medium,N,1,Everyday;KiwiSaver;Personal Loan;Term Deposit,11385.19,0,625,Auckland Central,Y,N,Active
HB-11343,Business,,,,,Kea Couriers Limited,,,,133-207-488,,accounts@keacouriers.co.nz,,09 622 5982,"Unit 2, 235 Rata Road",Mount Eden,Auckland,1024,NZ,,,250000,2019-08-27,Pending,Low,N,1,Business Everyday;Business Savings;Overdraft,10727.58,0,,Auckland Business Centre,Y,Y,Active
HB-11013,Individual,Ms,Helen,,Robinson,,,1963-01-31,F,104-519-751,,helen.robinson@outlook.com,022 450 8887,,11 Church Street,Halswell,Christchurch,8025,NZ,Teacher,Spark,85000,2011-11-06,Expired,Medium,N,1,Credit Card;Home Loan;KiwiSaver,66814.47,860392.18,905,Christchurch Central,Y,Y,Dormant
HB-11085,Individual,Dr,Tane,Kahu,Taylor,,,1983-07-15,M,122-936-230,,,021 438 0408,04 401 1799,157 Kereru Crescent,Newtown,Wellington,6021,NZ,Accountant,Air New Zealand,52000,2014-06-30,Verified,Low,N,4,KiwiSaver;Savings,6500.3,3500,561,Wellington Central,Y,N,Active
HB-11326,Business,,,,,Waitematā Marine Services Limited,,,,136-062-383,9429348321478,accounts@waitematāmarineser.co.nz,,03 261 3724,83 Victoria Road,St Clair,Dunedin,9012,NZ,,,1200000,1996-07-01,Verified,High,N,1,Business Credit Card;Equipment Finance;Merchant Services;Term Deposit,23942.1,0,,Dunedin Business Centre,Y,N,Active
HB-10114,Individual,Dr,Anthony,,Zhang,,,2006-11-15,M,124-230-787,,anthony.zhang@outlook.com,027 175 6907,,202 Kereru Road,Sumner,Christchurch,8081,NZ,Truck Driver,,240000,1997-04-28,Verified,Low,N,2,Credit Card;KiwiSaver;Savings;Term Deposit,2821.85,3500,526,Christchurch Central,Y,N,Active
HB-10876,Individual,Dr,Helen,Lee,Young,,,1979-05-09,F,126-245-261,,helen.young@xtra.co.nz,022 714 6668,,86 Park Street,Chartwell,Hamilton,3210,NZ,Truck Driver,Self,52000,2023-04-24,Verified,Medium,N,2,Credit Card;Savings,6726.62,3500,864,Hamilton Central,Y,N,Active
HB-10651,Individual,Mr,James,,Williams,,,1946-08-09,M,107-596-421,,james.williams@outlook.com,027 791 5764,03 491 3559,153 Kowhai Terrace,St Clair,Dunedin,9012,NZ,Chef,Countdown,0,2011-11-04,Pending,High,N,2,Everyday;KiwiSaver;Personal Loan;Term Deposit,30883.91,0,892,Dunedin Central,Y,N,Active
HB-10997,Individual,Mr,Mohammed,,Zhang,,,1970-04-08,M,114-900-615,,mohammed.zhang@outlook.com,022 600 9898,07 354 2053,217 Ranui Crescent,Mount Maunganui,Tauranga,3116,NZ,Student,Fletcher Building,35000,2025-03-08,Verified,Medium,N,1,Credit Card;Personal Loan,29932.42,0,857,Tauranga Central,Y,Y,Active
HB-11312,Business,,,,,Moana Dental Group Limited,,,,101-102-958,9429256482958,accounts@moanadentalgroup.co.nz,022 634 5555,09 683 8432,140 Hill Crescent,Ponsonby,Auckland,1011,NZ,,,25000000,2023-06-14,Verified,Medium,N,6,Business Savings;Term Deposit,319236.96,0,,Auckland Business Centre,Y,Y,Active
HB-11015,Individual,Mr,Luca,,McDonald,,,1965-01-21,M,135-061-344,,luca.mcdonald@gmail.com,027 192 8315,03 814 1905,23 Queen Crescent,Roslyn,Dunedin,9010,NZ,Engineer,Spark,35000,2024-01-13,Verified,Medium,N,1,Credit Card;Savings;Term Deposit,13889.15,0,416,Dunedin Central,Y,N,Active
HB-11216,Business,,,,,Silverfern Warehousing Limited,,,,133-851-026,9429965498147,accounts@silverfernwarehous.co.nz,029 868 1581,04 200 1580,"Unit 6, 192 Park Place",Miramar,Wellington,6022,NZ,,,600000,2020-05-18,Verified,Low,N,1,Equipment Finance;Merchant Services,55749.48,50000,,Wellington Business Centre,Y,Y,Active
HB-11163,Business,,,,,Bluebell Cafe Limited,,,,106-419-064,9429755812194,accounts@bluebellcafe.co.nz,022 311 6894,03 239 9069,192 Park Street,Merivale,Christchurch,8014,NZ,,,250000,2021-09-24,Verified,Medium,N,2,Business Credit Card;Business Everyday;Business Savings;Overdraft,267084.84,0,,Christchurch Business Centre,Y,Y,Active
HB-10645,Individual,Dr,Aroha,Lee,Wilson,,,2006-12-12,F,102-549-812,,aroha.wilson@outlook.com,022 297 2166,07 358 7246,29 Kowhai Street,Mount Maunganui,Tauranga,3116,NZ,Electrician,Harbourview Aged Care Ltd,240000,2020-09-01,Pending,Medium,N,2,Credit Card;KiwiSaver;Savings,14781.02,0,887,Tauranga Central,Y,Y,Active
HB-10171,Individual,Mr,Michael,,Young,,,1985-09-05,M,,,michael.young@gmail.com,022 556 9454,07 952 4453,70 Rimu Terrace,Papamoa,Tauranga,3118,NZ,Sales Manager,Spark,35000,2016-08-21,Verified,Low,N,2,Personal Loan,6379.74,0,635,Tauranga Central,Y,N,Active
HB-10227,Individual,Mrs,Losa,Lee,Stewart,,,1970-05-15,F,101-543-664,,losa.stewart@gmail.com,022 158 1579,,13 Ranui Road,Newtown,Wellington,6021,NZ,Builder,Auckland Council,110000,2008-06-06,Pending,Low,N,3,Everyday,5949.05,0,752,Wellington Central,Y,Y,Active
HB-10183,Individual,Dr,Mateo,,MacLeod,,,1965-06-25,M,,,mateo.macleod@outlook.com,022 400 1133,07 405 6416,89 Seaview Drive,Papamoa,Tauranga,3118,NZ,Self-employed,Fonterra,240000,1997-01-31,Verified,Medium,N,1,Home Loan;KiwiSaver;Personal Loan;Term Deposit,18279.73,708641.97,745,Tauranga Central,Y,Y,Active
HB-11130,Individual,Dr,Luca,,Walker,,,1961-05-14,M,120-829-387,,,027 322 2725,,119 Pohutukawa Road,Johnsonville,Wellington,6037,NZ,Teacher,Te Whatu Ora,68000,2014-02-24,Pending,Low,N,4,Savings;Term Deposit,22607.27,0,794,Wellington Central,N,Y,Dormant
HB-10674,Individual,Mr,Stephen,Michael,Williams,,,1974-02-25,M,109-443-716,,stephen.williams@gmail.com,029 953 7987,,188 Matai Drive,Miramar,Wellington,6022,NZ,Accountant,Spark,85000,2011-03-22,Verified,Medium,N,1,Term Deposit,21766.28,0,948,Wellington Central,N,N,Active
HB-10207,Individual,Dr,Mateo,John,Sharma,,,1994-11-11,M,115-505-989,,,027 706 8182,,112 Rata Crescent,Papatoetoe,Auckland,2025,NZ,Unemployed,Southern Cross Freight Ltd,85000,2016-05-05,Verified,High,N,5,Everyday,12352.99,3500,634,Auckland Central,Y,N,Active
HB-11080,Individual,Mr,Anthony,,Chen,,,1995-02-12,M,107-928-211,,anthony.chen@outlook.com,027 230 5138,03 289 1958,"Unit 10, 168 Station Road",Halswell,Christchurch,8025,NZ,Student,Ministry of Education,240000,2004-09-04,Verified,Medium,N,1,Credit Card;KiwiSaver;Savings;Term Deposit,9139.77,0,378,Christchurch Central,Y,Y,Active
HB-10150,Individual,Mrs,Jessica,,Robinson,,,1963-10-05,F,115-773-337,,jessica.robinson@gmail.com,021 419 4211,07 718 5111,241 Station Avenue,Frankton,Hamilton,3204,NZ,Software Developer,,160000,2013-02-10,Verified,Low,N,5,Credit Card;Home Loan,1427.22,546180.82,815,Hamilton Central,Y,N,Dormant
HB-10800,Individual,Mr,Thomas,,Smith,,,1987-10-27,M,125-748-643,,thomas.smith@gmail.com,027 319 7928,,"Unit 4, 161 Marine Terrace",Remuera,Auckland,1050,NZ,Builder,Harbourview Aged Care Ltd,52000,2011-02-22,Verified,Medium,N,4,Credit Card,1274.63,12000,688,Auckland Central,N,Y,Active
HB-10328,Individual,Mrs,Anna,Paul,Hughes,,,1996-01-27,F,121-852-046,,anna.hughes@xtra.co.nz,021 176 1127,03 958 3734,165 Beach Crescent,Mornington,Dunedin,9011,NZ,Electrician,Air New Zealand,110000,2016-11-20,Verified,High,N,3,Credit Card;Everyday;KiwiSaver;Savings,1355.6,0,580,Dunedin Central,Y,N,Active
HB-10022,Individual,Miss,Sarah,Jane,Fonoti,,,1993-03-06,F,,,sarah.fonoti@gmail.com,022 245 2251,04 991 2172,69 Beach Street,Kelburn,Wellington,6012,NZ,Chef,Ministry of Education,110000,1995-12-22,Pending,Low,N,5,Credit Card;Everyday;Personal Loan;Savings,16633.84,0,537,Wellington Central,Y,Y,Active
HB-10233,Individual,Dr,Rachel,Grace,Mitchell,,,1967-12-23,F,129-525-213,,rachel.mitchell@xtra.co.nz,022 302 0903,07 436 9982,55 Queen Drive,Papamoa,Tauranga,3118,NZ,Truck Driver,Auckland Council,85000,2001-03-16,Expired,Medium,N,2,Personal Loan;Savings,6675.58,12000,797,Tauranga Central,Y,N,Dormant
HB-10437,Individual,Dr,Benjamin,Jane,Fonoti,,,2005-09-02,M,124-471-646,,,022 695 7032,,184 Great North Avenue,Halswell,Christchurch,8025,NZ,Software Developer,Auckland Council,160000,2002-04-02,Verified,Medium,N,1,Credit Card;Everyday;Home Loan;Personal Loan;Term Deposit,11235.05,814380.44,907,Christchurch Central,N,Y,Active
HB-10489,Individual,Mr,Jun,Ann,Johansson,,,2001-10-09,M,136-884-468,,jun.johansson@xtra.co.nz,029 324 6473,07 930 1219,"Unit 3, 223 Kauri Avenue",Papamoa,Tauranga,3118,NZ,Lawyer,Kendrix Engineering Ltd,110000,2022-06-06,Verified,Low,N,4,Credit Card;KiwiSaver;Savings;Term Deposit,8398.95,0,364,Tauranga Central,Y,Y,Active
HB-10628,Individual,Dr,Isla,Lee,Singh,,,1956-02-06,F,104-673-569,,,022 135 2944,03 735 5654,136 Matai Drive,Roslyn,Dunedin,9010,NZ,Public Servant,Self,0,2000-04-08,Verified,Low,N,2,Term Deposit,18595.33,0,421,Dunedin Central,Y,Y,Active
HB-10522,Individual,Miss,Kiri,Kahu,Pohatu,,,1951-08-04,F,119-085-006,,kiri.pohatu@xtra.co.nz,021 971 4982,,217 Marine Drive,Newtown,Wellington,6021,NZ,Accountant,Ministry of Education,35000,2017-03-05,Expired,Low,N,5,KiwiSaver;Term Deposit,131958.11,12000,838,Wellington Central,Y,Y,Active
HB-10474,Individual,Dr,Priya,,Ngata,,,1986-07-04,F,102-363-705,,priya.ngata@xtra.co.nz,027 632 2863,04 902 8870,236 Queen Terrace,Newtown,Wellington,6021,NZ,Retired,Auckland Council,52000,2001-09-18,Expired,Low,N,1,Credit Card;Everyday;Home Loan;KiwiSaver;Term Deposit,7336.83,365301.87,477,Wellington Central,Y,Y,Active
HB-10240,Individual,Dr,Rahul,,Tuhiwai,,,1975-05-29,M,132-703-836,,rahul.tuhiwai@xtra.co.nz,021 166 0308,03 341 5172,45 Matai Street,St Clair,Dunedin,9012,NZ,Doctor,Te Whatu Ora,110000,1996-07-05,Verified,Medium,N,2,Savings;Term Deposit,2995.4,0,528,Dunedin Central,Y,N,Dormant
HB-10683,Individual,Mr,Mateo,,Wang,,,1947-07-26,M,124-317-923,,mateo.wang@gmail.com,029 517 6504,,163 Tui Crescent,Otumoetai,Tauranga,3110,NZ,Farmer,Te Whatu Ora,110000,2017-01-23,Verified,Low,N,1,Credit Card;Everyday;Personal Loan;Term Deposit,4345.43,0,369,Tauranga Central,Y,Y,Active
HB-10662,Individual,Dr,Ananya,Paul,Fonoti,,,1968-12-29,F,127-534-627,,ananya.fonoti@gmail.com,021 662 4993,07 279 7477,26 Kereru Avenue,Mount Maunganui,Tauranga,3116,NZ,Chef,Spark,35000,2006-01-31,Expired,High,N,2,Home Loan;Personal Loan,5561.46,219112.28,600,Tauranga Central,N,Y,Active
HB-10421,Individual,Mr,Sione,Paul,Johansson,,,1975-07-19,M,130-291-857,,sione.johansson@outlook.com,021 786 3381,,236 Great North Avenue,Mornington,Dunedin,9011,NZ,Self-employed,,35000,2017-10-02,Expired,High,N,1,Credit Card;Everyday;Savings,29353.22,3500,840,Dunedin Central,N,N,Active
HB-10419,Individual,Mrs,Fiona,,Harris,,,1997-01-10,F,121-064-577,,fiona.harris@gmail.com,022 749 8885,,138 Manuka Avenue,Kelburn,Wellington,6012,NZ,Self-employed,Harbourview Aged Care Ltd,85000,2001-04-08,Pending,Low,N,4,Personal Loan;Term Deposit,13480.66,0,565,Wellington Central,Y,N,Active
HB-10724,Individual,Mrs,Anna,,Van der Berg,,,1990-09-24,F,,,anna.vanderberg@xtra.co.nz,022 738 6219,07 990 6152,153 Park Drive,Hillcrest,Hamilton,3216,NZ,Student,Southern Cross Freight Ltd,35000,1995-04-29,Verified,Low,N,2,Credit Card;Savings,17314.66,12000,495,Hamilton Central,N,N,Active
HB-10428,Individual,Ms,Isla,,Taylor,,,1969-10-28,F,130-681-045,,isla.taylor@xtra.co.nz,029 863 8546,,"Unit 5, 106 Marine Crescent",Papatoetoe,Auckland,2025,NZ,Teacher,Kendrix Engineering Ltd,35000,2020-06-16,Pending,Medium,N,2,Everyday;KiwiSaver;Personal Loan,46706.56,12000,431,Auckland Central,Y,Y,Active
HB-10657,Individual,Ms,Sarah,,Parata,,,1997-06-17,F,112-594-245,,sarah.parata@outlook.com,027 960 4936,04 429 8820,129 Kauri Place,Johnsonville,Wellington,6037,NZ,Electrician,Fonterra,52000,1996-09-21,Verified,Medium,N,3,Term Deposit,137471.52,12000,435,Wellington Central,Y,N,Active
HB-10110,Individual,Dr,Rahul,Anne,Tuilagi,,,1963-05-15,M,,,rahul.tuilagi@xtra.co.nz,029 262 6528,,90 Manuka Road,Mount Maunganui,Tauranga,3116,NZ,Chef,Southern Cross Freight Ltd,110000,2018-10-16,Expired,Low,N,3,Credit Card;KiwiSaver;Personal Loan;Term Deposit,37028.68,0,586,Tauranga Central,Y,Y,Active
HB-11250,Business,,,,,Otago Quarry Products Limited,,,,139-436-185,9429261075170,accounts@otagoquarryproduct.co.nz,,09 617 2332,89 Church Street,Onehunga,Auckland,1061,NZ,,,250000,2000-12-06,Verified,Low,N,4,Business Credit Card;Equipment Finance;Merchant Services;Overdraft,283929.78,1200000,,Auckland Business Centre,Y,N,Active
HB-10120,Individual,Dr,Michael,,Hughes,,,1955-11-18,M,134-570-599,,michael.hughes@outlook.com,029 418 0219,,68 Matai Place,Mornington,Dunedin,9011,NZ,Software Developer,Fletcher Building,18000,1999-07-27,Expired,Low,N,2,Personal Loan,35381.46,3500,521,Dunedin Central,N,Y,Active
HB-10854,Individual,Ms,Ruby,John,Smith,,,1986-01-30,F,134-181-639,,ruby.smith@xtra.co.nz,021 640 3469,04 628 9002,"Unit 12, 177 Queen Avenue",Johnsonville,Wellington,6037,NZ,Truck Driver,Te Whatu Ora,35000,2021-01-29,Verified,High,N,5,Credit Card;Personal Loan;Term Deposit,3888.06,0,547,Wellington Central,Y,N,Active
HB-10626,Individual,Ms,Xin,,Sharma,,,2004-02-13,F,132-795-139,,xin.sharma@xtra.co.nz,027 213 0098,04 558 2478,87 Station Place,Miramar,Wellington,6022,NZ,Nurse,Te Whatu Ora,68000,2010-06-03,Verified,Medium,N,1,Credit Card;Everyday;Home Loan;KiwiSaver,44690.0,479924.5,364,Wellington Central,Y,Y,Active
HB-10322,Individual,Mr,Rawiri,James,Mitchell,,,1954-02-20,M,131-992-123,,rawiri.mitchell@outlook.com,022 203 6805,07 230 1922,53 Rimu Road,Mount Maunganui,Tauranga,3116,NZ,Electrician,Fonterra,85000,2024-12-11,Verified,Medium,N,2,Home Loan;KiwiSaver,15598.31,550700.97,525,Tauranga Central,Y,Y,Active
HB-10457,Individual,Dr,Jack,,Ngata,,,1961-01-14,M,139-408-558,,jack.ngata@gmail.com,029 683 6825,03 513 2872,32 Ranui Street,Riccarton,Christchurch,8011,NZ,Doctor,Self,68000,2004-08-23,Expired,Low,N,5,Everyday;Home Loan;Personal Loan;Term Deposit,6558.66,878405.19,522,Christchurch Central,Y,Y,Active
HB-10507,Individual,Dr,William,,Taylor,,,1942-06-18,M,101-594-485,,william.taylor@xtra.co.nz,027 520 8104,,"Unit 11, 170 Kereru Terrace",Newtown,Wellington,6021,NZ,Retired,Air New Zealand,35000,2019-04-20,Expired,Low,N,5,KiwiSaver;Savings,74469.04,12000,398,Wellington Central,Y,Y,Active
HB-10033,Individual,Miss,Lucy,,Mitchell,,,1954-07-03,F,132-435-722,,lucy.mitchell@xtra.co.nz,029 941 6598,07 654 8848,6 Queen Crescent,Chartwell,Hamilton,3210,NZ,Engineer,Te Whatu Ora,68000,2005-04-30,Expired,Low,N,4,Everyday;KiwiSaver;Personal Loan,28134.4,12000,703,Hamilton Central,Y,N,Active
HB-10914,Individual,Mr,Jack,,Stewart,,,2004-03-14,M,106-923-747,,,022 405 7926,03 304 6600,196 Victoria Terrace,Papanui,Christchurch,8053,NZ,Electrician,Harbourview Aged Care Ltd,160000,2008-07-10,Pending,Low,N,2,Term Deposit,13829.0,3500,946,Christchurch Central,Y,Y,Active
HB-11022,Individual,Dr,Tane,Ann,Campbell,,,1971-07-26,M,125-898-424,,,021 631 4193,07 830 1440,13 Ranui Road,Otumoetai,Tauranga,3110,NZ,Engineer,Ministry of Education,110000,2020-02-28,Expired,Low,N,4,Credit Card;Savings;Term Deposit,88438.28,0,504,Tauranga Central,Y,Y,Active
HB-10497,Individual,Mrs,Hannah,,Robinson,,,1954-03-16,F,114-058-832,,hannah.robinson@gmail.com,022 288 2767,07 661 3940,243 Seaview Road,Papamoa,Tauranga,3118,NZ,Sales Manager,Ministry of Education,160000,2014-06-29,Verified,Medium,N,1,Credit Card;Everyday;Personal Loan;Savings,15230.13,3500,774,Tauranga Central,Y,Y,Active
HB-11306,Business,,,,,Lakeside Motor Group Limited,,,,123-976-974,9429222970235,accounts@lakesidemotorgroup.co.nz,,07 846 8714,145 Kauri Road,Chartwell,Hamilton,3210,NZ,,,1200000,2016-05-22,Verified,Medium,N,2,Business Savings;Equipment Finance,458943.78,0,,Hamilton Business Centre,Y,N,Active
HB-10633,Individual,Mrs,Anna,,Kennedy,,,1964-09-27,F,134-295-203,,,027 581 7746,03 310 2224,58 Seaview Road,Sumner,Christchurch,8081,NZ,Engineer,Te Whatu Ora,0,2004-07-26,Verified,Low,N,2,Personal Loan,1605.34,0,783,Christchurch Central,Y,Y,Active
HB-10991,Individual,Mr,Anthony,James,Mitchell,,,1985-06-25,M,102-062-527,,anthony.mitchell@gmail.com,022 284 6903,,214 Albert Drive,Mornington,Dunedin,9011,NZ,Builder,Spark,110000,2021-11-17,Verified,Low,N,4,Everyday;Personal Loan,9117.71,0,528,Dunedin Central,Y,Y,Active
HB-10028,Individual,Dr,Wiremu,Marie,Tuhiwai,,,1971-03-23,M,109-478-462,,wiremu.tuhiwai@xtra.co.nz,022 818 2361,07 569 5459,175 Ranui Place,Frankton,Hamilton,3204,NZ,Nurse,Southern Cross Freight Ltd,110000,1997-02-22,Verified,Low,N,3,Term Deposit,2953.4,0,831,Hamilton Central,Y,Y,Active
HB-10531,Individual,Dr,Nikolai,,Kennedy,,,2004-11-27,M,124-198-944,,,022 907 0716,04 891 8078,25 Park Road,Kelburn,Wellington,6012,NZ,Sales Manager,,18000,2014-02-07,Verified,Medium,N,1,Everyday;KiwiSaver;Personal Loan;Term Deposit,530.47,0,878,Wellington Central,N,Y,Active
HB-10640,Individual,Dr,Aisha,Ann,Te Rangi,,,1954-11-20,F,123-930-825,,aisha.terangi@gmail.com,027 838 6995,,211 Totara Crescent,Sumner,Christchurch,8081,NZ,Unemployed,Auckland Council,18000,2017-03-16,Pending,Medium,N,3,Credit Card;KiwiSaver;Personal Loan;Savings,34981.24,0,750,Christchurch Central,N,Y,Active
HB-10278,Individual,Dr,Peter,Paul,Campbell,,,1970-10-25,M,112-567-464,,peter.campbell@gmail.com,029 277 2926,,111 Harbour Crescent,Onehunga,Auckland,1061,NZ,Doctor,,240000,2019-02-16,Verified,Medium,N,3,Credit Card;Home Loan;KiwiSaver;Personal Loan;Term Deposit,17616.26,176194.28,409,Auckland Central,Y,Y,Active
HB-10814,Individual,Miss,Jessica,James,Wilson,,,1950-09-27,F,106-452-900,,jessica.wilson@outlook.com,022 636 4313,,72 Rata Road,Ponsonby,Auckland,1011,NZ,Software Developer,Fonterra,240000,2016-01-04,Verified,Low,N,5,Everyday;Home Loan;KiwiSaver;Personal Loan;Savings,1809.31,574134.45,519,Auckland Central,N,N,Active
HB-10180,Individual,Mr,Stephen,James,Thompson,,,1978-02-20,M,108-153-912,,stephen.thompson@gmail.com,029 102 2411,,24 Totara Place,Mount Eden,Auckland,1024,NZ,Retired,Harbourview Aged Care Ltd,0,2020-07-01,Verified,Low,N,5,Credit Card;Personal Loan;Term Deposit,5326.21,3500,577,Auckland Central,N,Y,Active
HB-10823,Individual,Ms,Anna,Michael,Wilson,,,1996-04-26,F,110-669-780,,anna.wilson@xtra.co.nz,029 727 3153,07 906 4242,39 Beach Avenue,Frankton,Hamilton,3204,NZ,Electrician,Self,52000,2007-05-08,Verified,Medium,N,2,Everyday;KiwiSaver;Term Deposit,28353.49,3500,902,Hamilton Central,Y,Y,Active
HB-10964,Individual,Mr,William,Marie,Hughes,,,1984-02-19,M,129-486-543,,william.hughes@gmail.com,029 713 1318,03 755 4702,84 Queen Crescent,Halswell,Christchurch,8025,NZ,Retail Assistant,Kendrix Engineering Ltd,110000,1995-10-30,Verified,Medium,N,3,Term Deposit,4630.68,0,607,Christchurch Central,Y,Y,Active
HB-11360,Individual,Mr,Tony,,Zhang,,,2006-11-15,M,,,,027 175 6907,,202 Kereru Road,Sumner,Christchurch,8081,NZ,Truck Driver,,240000,2008-02-24,Pending,Low,N,1,Everyday,14002.65,501806.6,490,Christchurch Central,Y,N,Active
HB-10241,Individual,Dr,Kiri,Jane,Walker,,,1948-09-04,F,127-406-484,,kiri.walker@xtra.co.nz,027 496 5678,03 860 2678,240 Hill Drive,Roslyn,Dunedin,9010,NZ,Sales Manager,Fonterra,85000,2023-06-21,Expired,Medium,N,3,Term Deposit,25527.84,12000,817,Dunedin Central,Y,Y,Active
HB-10052,Individual,Miss,Victoria,Kahu,Wang,,,1997-08-05,F,107-044-179,,victoria.wang@gmail.com,027 438 6563,03 879 1028,150 Kereru Avenue,Mornington,Dunedin,9011,NZ,Teacher,Air New Zealand,160000,2024-02-21,Verified,Medium,N,5,Credit Card;Everyday;Personal Loan;Term Deposit,52351.15,0,356,Dunedin Central,N,Y,Active
HB-10360,Individual,Ms,Katherine,James,Murray,,,1948-09-13,F,131-189-704,,,027 439 6772,,189 Seaview Crescent,Newtown,Wellington,6021,NZ,Retired,Spark,18000,2022-10-30,Pending,Medium,N,2,Credit Card;KiwiSaver;Personal Loan;Savings,19919.34,3500,827,Wellington Central,N,N,Active
HB-11093,Individual,Mr,Nikolai,Louise,Campbell,,,1958-01-08,M,124-577-934,,nikolai.campbell@gmail.com,027 334 5796,,162 Clyde Avenue,Roslyn,Dunedin,9010,NZ,Public Servant,Te Whatu Ora,240000,2019-05-08,Verified,Low,N,5,Everyday;Home Loan;Personal Loan;Savings;Term Deposit,21789.75,887694.11,772,Dunedin Central,Y,Y,Active
HB-10495,Individual,Miss,Olivia,,Mitchell,,,1956-06-25,F,125-862-288,,olivia.mitchell@gmail.com,022 366 1189,07 880 2970,238 Clyde Avenue,Hillcrest,Hamilton,3216,NZ,Public Servant,Spark,0,2008-10-18,Verified,Medium,N,1,KiwiSaver;Savings;Term Deposit,4000.74,3500,671,Hamilton Central,Y,Y,Active
HB-10262,Individual,Dr,Robert,,Brown,,,1948-12-10,M,122-101-425,,,029 246 4455,,33 Rata Road,Merivale,Christchurch,8014,NZ,Builder,Countdown,240000,2007-07-31,Verified,Medium,N,3,Credit Card;Everyday;KiwiSaver,30179.09,3500,752,Christchurch Central,Y,Y,Dormant
HB-10498,Individual,Miss,Helen,,Ahmed,,,1942-01-10,F,122-563-263,,helen.ahmed@gmail.com,022 830 6610,,143 Station Place,Otumoetai,Tauranga,3110,NZ,Public Servant,Countdown,240000,2019-04-16,Verified,Medium,N,3,Everyday;Home Loan,17702.08,681778.47,922,Tauranga Central,N,N,Active
HB-10164,Individual,Miss,Rachel,Lee,Van der Berg,,,1947-10-24,F,136-079-379,,,022 434 8933,,153 Marine Crescent,Mount Maunganui,Tauranga,3116,NZ,Chef,Countdown,85000,2005-07-12,Verified,Low,N,3,Credit Card;Home Loan;KiwiSaver,50838.85,241145.17,718,Tauranga Central,Y,N,Active
HB-11275,Business,,,,,Pukeko Transport Limited,,,,100-752-993,9429390891758,accounts@pukekotransport.co.nz,,07 259 6377,128 Nikau Road,Mount Maunganui,Tauranga,3116,NZ,,,1200000,1997-10-03,Verified,Medium,N,4,Business Savings;Equipment Finance,245087.82,0,,Tauranga Business Centre,Y,Y,Active
HB-11137,Individual,Mrs,Anna,,Van der Berg,,,1977-12-01,F,104-402-502,,anna.vanderberg@xtra.co.nz,021 359 2827,,132 Tui Drive,Chartwell,Hamilton,3210,NZ,Engineer,,52000,1997-04-07,Verified,Low,N,4,Credit Card;Everyday;KiwiSaver;Savings,108104.68,0,763,Hamilton Central,N,Y,Active
HB-11314,Business,,,,,Ruru Accounting Limited,,,,117-630-673,,accounts@ruruaccounting.co.nz,,04 557 8501,108 Marine Avenue,Johnsonville,Wellington,6037,NZ,,,3500000,2008-07-03,Verified,High,N,6,Business Everyday;Business Savings;Overdraft,96651.42,0,,Wellington Business Centre,Y,N,Active
HB-11322,Business,,,,,Fernbird Software Limited,,,,122-179-441,9429701455762,accounts@fernbirdsoftware.co.nz,,03 319 5632,82 Rimu Drive,Roslyn,Dunedin,9010,NZ,,,600000,2007-11-22,Verified,High,N,6,Business Everyday;Business Savings,52634.7,250000,,Dunedin Business Centre,Y,N,Active
HB-10740,Individual,Mr,Tevita,,Robinson,,,1960-09-30,M,129-107-302,,tevita.robinson@gmail.com,022 550 1618,09 204 9265,201 Seaview Place,Mount Eden,Auckland,1024,NZ,Truck Driver,Fonterra,0,2002-12-10,Expired,High,N,2,Home Loan;Personal Loan,9799.87,383302.29,816,Auckland Central,Y,N,Active
HB-10796,Individual,Dr,Aisha,Lee,Young,,,1958-09-29,F,133-085-608,,aisha.young@xtra.co.nz,022 100 7166,,109 Ranui Road,Roslyn,Dunedin,9010,NZ,Software Developer,Countdown,0,2018-11-15,Verified,Medium,N,2,Term Deposit,203718.93,3500,537,Dunedin Central,Y,Y,Active
HB-10598,Individual,Miss,Lucy,,Hughes,,,1997-03-03,F,102-416-606,,lucy.hughes@xtra.co.nz,022 446 6170,,204 Park Crescent,Hillcrest,Hamilton,3216,NZ,Sales Manager,Spark,240000,2007-10-12,Verified,Low,N,1,Term Deposit,11371.72,0,431,Hamilton Central,Y,Y,Active
HB-10141,Individual,Dr,Anthony,Paul,Anderson,,,1996-08-30,M,112-257-030,,anthony.anderson@xtra.co.nz,021 149 7428,07 338 3877,"Unit 3, 87 Pohutukawa Terrace",Chartwell,Hamilton,3210,NZ,Chef,Countdown,68000,2019-08-28,Verified,High,N,3,Personal Loan;Savings,1121.55,0,436,Hamilton Central,Y,Y,Deceased
HB-10775,Individual,Mr,James,,Campbell,,,1985-10-25,M,112-341-215,,james.campbell@outlook.com,022 515 3655,03 661 8532,228 Church Road,St Clair,Dunedin,9012,NZ,Doctor,Air New Zealand,52000,2011-03-01,Expired,Low,Y,5,KiwiSaver;Savings;Term Deposit,153060.77,0,753,Dunedin Central,Y,Y,Active
HB-11069,Individual,Dr,Arjun,,Parata,,,1955-04-09,M,123-106-244,,,021 771 4191,,241 Totara Avenue,St Clair,Dunedin,9012,NZ,Chef,Southern Cross Freight Ltd,85000,2023-07-30,Pending,High,N,5,Savings,9716.36,0,877,Dunedin Central,Y,N,Active
HB-11339,Business,,,,,Highland Property Management Limited,,,,134-310-586,9429532708783,accounts@highlandpropertyma.co.nz,027 658 2349,07 455 3067,18 Kauri Street,Frankton,Hamilton,3204,NZ,,,3500000,2001-03-23,Verified,High,N,3,Overdraft;Term Deposit,50406.78,0,,Hamilton Business Centre,Y,Y,Active
HB-10256,Individual,Dr,Amelia,,Anderson,,,1944-07-02,F,130-298-104,,amelia.anderson@gmail.com,021 288 9976,07 999 5387,137 Manuka Street,Chartwell,Hamilton,3210,NZ,Accountant,Te Whatu Ora,35000,2002-09-18,Pending,Low,N,2,KiwiSaver;Savings;Term Deposit,18606.8,0,389,Hamilton Central,Y,N,Deceased
HB-11007,Individual,Ms,Priya,Rose,Johansson,,,1991-12-09,F,133-939-968,,,029 271 9438,,133 Victoria Road,St Clair,Dunedin,9012,NZ,Student,Fonterra,110000,2015-10-13,Verified,Low,N,4,Everyday;Home Loan,45578.12,487235.03,698,Dunedin Central,Y,N,Active
HB-11053,Individual,Ms,Ruby,Mei,Johansson,,,1993-09-29,F,101-362-760,,ruby.johansson@gmail.com,022 969 9699,,225 Park Drive,Mount Maunganui,Tauranga,3116,NZ,Self-employed,Southern Cross Freight Ltd,240000,2006-07-30,Verified,High,N,4,Credit Card;Everyday;Home Loan;KiwiSaver;Term Deposit,6044.3,496688.74,839,Tauranga Central,Y,N,Active
HB-10046,Individual,Ms,Ruby,,Ngata,,,2000-02-13,F,130-340-213,,ruby.ngata@xtra.co.nz,029 700 6884,07 723 8560,124 Rata Place,Hillcrest,Hamilton,3216,NZ,Teacher,Southern Cross Freight Ltd,35000,2013-06-23,Verified,Low,N,4,Savings,46717.33,0,411,Hamilton Central,Y,Y,Active
HB-10134,Individual,Miss,Lucy,Ann,Kennedy,,,1973-10-14,F,107-390-496,,lucy.kennedy@gmail.com,029 858 0771,,147 Manuka Crescent,Mount Maunganui,Tauranga,3116,NZ,Lawyer,Ministry of Education,35000,2001-10-14,Verified,Medium,N,4,Savings,2908.66,12000,379,Tauranga Central,Y,N,Active
HB-10388,Individual,Mr,William,,Wang,,,2000-07-23,M,104-387-447,,,027 579 8279,04 407 4822,"Unit 11, 62 Albert Place",Johnsonville,Wellington,6037,NZ,Teacher,Southern Cross Freight Ltd,85000,2000-08-02,Expired,Low,N,4,Personal Loan;Savings;Term Deposit,34864.36,0,873,Wellington Central,Y,N,Active
HB-10623,Individual,Dr,Losa,John,Wilson,,,1945-10-09,F,126-032-273,,losa.wilson@xtra.co.nz,022 706 3005,07 578 7701,115 Tui Place,Papamoa,Tauranga,3118,NZ,Student,Southern Cross Freight Ltd,35000,2004-05-04,Verified,Low,N,5,Credit Card;Everyday;KiwiSaver;Savings,46249.85,0,776,Tauranga Central,N,N,Active
HB-10543,Individual,Dr,Katherine,,Li,,,1954-06-10,F,112-336-411,,,029 461 5197,09 777 4089,66 Beach Place,Takapuna,Auckland,0622,NZ,Nurse,Self,160000,2008-02-07,Verified,Low,N,4,Everyday;Personal Loan;Savings,4891.3,0,364,Auckland Central,Y,Y,Active
HB-10895,Individual,Mr,Arjun,Paul,Scott,,,1971-05-25,M,119-921-924,,arjun.scott@xtra.co.nz,027 367 2743,,169 Clyde Road,Mount Maunganui,Tauranga,3116,NZ,Builder,Air New Zealand,18000,2007-03-15,Verified,Low,N,5,KiwiSaver;Savings,22989.07,3500,415,Tauranga Central,Y,N,Dormant
HB-10539,Individual,Dr,Peter,,Thompson,,,1993-05-26,M,107-551-054,,peter.thompson@xtra.co.nz,029 366 7212,03 926 6937,11 Hill Avenue,Mornington,Dunedin,9011,NZ,Public Servant,Countdown,18000,1996-02-21,Verified,High,N,2,Credit Card;KiwiSaver;Savings,11669.22,3500,625,Dunedin Central,Y,Y,Active
HB-11150,Individual,Mr,Robert,,White,,,1979-04-08,M,131-949-159,,robert.white@outlook.com,027 152 6404,,10 Marine Place,Ponsonby,Auckland,1011,NZ,Public Servant,Countdown,35000,2004-11-10,Verified,Low,N,4,Everyday,32222.37,0,542,Auckland Central,Y,N,Active
HB-11094,Individual,Dr,Susan,Grace,Clarke,,,1992-02-16,F,112-682-929,,susan.clarke@gmail.com,027 409 4592,,97 Hill Avenue,Merivale,Christchurch,8014,NZ,Lawyer,Auckland Council,160000,2010-03-15,Verified,Low,N,1,Savings,4617.06,3500,682,Christchurch Central,Y,Y,Active
HB-10290,Individual,Ms,Susan,Lee,MacLeod,,,1984-03-29,F,139-014-437,,susan.macleod@xtra.co.nz,021 952 7482,09 730 8164,246 Matai Road,Henderson,Auckland,0612,NZ,Student,Kendrix Engineering Ltd,18000,2024-02-03,Verified,Low,N,4,Credit Card;Savings,20582.68,0,493,Auckland Central,Y,N,Active
HB-10281,Individual,Mr,Thomas,,Mitchell,,,1954-10-14,M,136-575-570,,thomas.mitchell@outlook.com,027 896 1799,,126 Totara Road,Roslyn,Dunedin,9010,NZ,Doctor,Fletcher Building,35000,2023-05-27,Verified,Medium,N,4,Credit Card;Home Loan;KiwiSaver;Personal Loan;Term Deposit,16202.61,306274.97,638,Dunedin Central,N,Y,Active
HB-11232,Business,,,,,Seaview Hotel Group Limited,The Seaview,,,136-297-396,9429467476348,accounts@seaviewhotelgroup.co.nz,029 707 4816,03 376 3447,241 Beach Street,Roslyn,Dunedin,9010,NZ,,,250000,2025-07-01,Pending,Medium,N,2,Business Credit Card;Equipment Finance,140312.1,0,,Dunedin Business Centre,Y,N,Active
HB-10015,Individual,Dr,Andrew,,Walker,,,1992-03-22,M,102-270-113,,,021 890 6520,,25 Totara Avenue,Frankton,Hamilton,3204,NZ,Farmer,Southern Cross Freight Ltd,68000,1995-05-26,Verified,High,N,4,Term Deposit,17548.57,0,442,Hamilton Central,Y,N,Active
HB-10804,Individual,Dr,Michael,Lee,McDonald,,,1944-02-18,M,106-103-724,,michael.mcdonald@outlook.com,027 684 2844,07 296 7082,31 Seaview Avenue,Mount Maunganui,Tauranga,3116,NZ,Doctor,Countdown,52000,1997-01-06,Verified,High,N,5,KiwiSaver;Personal Loan;Savings,4301.9,0,788,Tauranga Central,Y,N,Dormant
HB-11098,Individual,Dr,Anahera,,Tipene,,,1986-07-13,F,,,anahera.tipene@gmail.com,022 947 0322,07 259 5122,161 Matai Crescent,Mount Maunganui,Tauranga,3116,NZ,Doctor,Auckland Council,18000,2019-05-29,Verified,Low,N,2,Everyday;Home Loan;Personal Loan;Savings,12045.34,157191.83,670,Tauranga Central,Y,Y,Active
HB-11315,Business,,,,,Kōwhai Physiotherapy Limited,Kowhai Physio,,,121-410-752,9429177262075,accounts@kōwhaiphysiotherap.co.nz,021 489 4818,07 777 5726,206 Ranui Place,Chartwell,Hamilton,3210,NZ,,,250000,1998-04-08,Verified,Medium,N,4,Equipment Finance;Merchant Services;Overdraft,32939.52,50000,,Hamilton Business Centre,Y,N,Active
HB-11184,Business,,,,,Te Awa Civil Contracting Limited,,,,139-667-457,9429687410633,accounts@teawacivilcontract.co.nz,021 800 8205,09 975 1684,76 Harbour Terrace,Ponsonby,Auckland,1011,NZ,,,1200000,2017-04-10,Verified,Medium,N,6,Business Everyday;Business Savings,25391.34,0,,Auckland Business Centre,Y,N,Active
HB-10465,Individual,Mr,William,,Walker,,,1978-04-12,M,111-771-728,,william.walker@outlook.com,029 269 9360,03 533 4074,28 Kauri Street,Mornington,Dunedin,9011,NZ,Lawyer,Self,110000,2008-06-03,Verified,High,N,4,Credit Card;Home Loan;KiwiSaver;Personal Loan;Savings,9083.3,161214.18,678,Dunedin Central,Y,Y,Active
HB-10037,Individual,Dr,Zoe,,Reid,,,1970-05-10,F,123-541-338,,zoe.reid@outlook.com,027 370 2725,09 265 6325,"Unit 5, 74 Ranui Place",Takapuna,Auckland,0622,NZ,Unemployed,Auckland Council,85000,2023-10-10,Verified,Low,N,5,Everyday;KiwiSaver;Personal Loan;Term Deposit,20591.43,3500,501,Auckland Central,Y,Y,Active
HB-11226,Business,,,,,Horizon Plumbing & Gas Limited,,,,105-895-135,9429283169030,accounts@horizonplumbingand.co.nz,,09 688 1497,109 Rimu Road,Mount Eden,Auckland,1024,NZ,,,1200000,2003-06-04,Pending,Medium,N,2,Business Savings;Equipment Finance;Overdraft;Term Deposit,86669.16,1200000,,Auckland Business Centre,Y,N,Active
HB-10780,Individual,Miss,Jennifer,,Williams,,,1964-10-10,F,112-892-721,,jennifer.williams@outlook.com,029 426 3431,,10 Park Street,Onehunga,Auckland,1061,NZ,Doctor,Spark,110000,1997-10-20,Pending,Medium,N,3,Credit Card;Personal Loan,306659.41,3500,426,Auckland Central,Y,Y,Active
HB-10270,Individual,Mr,James,,Zhang,,,2006-12-13,M,111-164-041,,james.zhang@gmail.com,027 487 5027,03 819 8287,242 Totara Terrace,Papanui,Christchurch,8053,NZ,Chef,Self,110000,2010-10-01,Verified,Medium,N,2,Personal Loan,10252.2,0,634,Christchurch Central,Y,N,Active
HB-10715,Individual,Mr,Richard,,Anderson,,,2005-04-28,M,115-874-576,,,027 761 2216,09 561 4751,88 Totara Road,Remuera,Auckland,1050,NZ,Farmer,Harbourview Aged Care Ltd,0,1996-06-20,Verified,Low,N,3,Everyday;KiwiSaver;Personal Loan;Term Deposit,169297.93,0,928,Auckland Central,Y,Y,Active
HB-10710,Individual,Miss,Hannah,James,Anderson,,,1967-09-11,F,,,hannah.anderson@outlook.com,021 820 8009,,82 Nikau Place,Newtown,Wellington,6021,NZ,Unemployed,Air New Zealand,18000,2009-01-31,Pending,Medium,N,4,Everyday,32661.23,0,695,Wellington Central,Y,N,Active
HB-11289,Business,,,,,Pacific Steel Distributors Limited,,,,133-324-964,9429741030389,accounts@pacificsteeldistri.co.nz,,09 800 2552,244 Ranui Avenue,Mount Eden,Auckland,1024,NZ,,,600000,2025-01-06,Verified,Medium,N,3,Business Everyday;Equipment Finance,20809.02,0,,Auckland Business Centre,Y,N,Active
HB-11170,Business,,,,,Aotearoa Scaffolding Limited,AO Scaff,,,135-157-426,,accounts@aotearoascaffoldin.co.nz,,09 594 5236,199 Victoria Crescent,Onehunga,Auckland,1061,NZ,,,3500000,2024-04-19,Verified,Medium,N,3,Business Savings,2768789.52,50000,,Auckland Business Centre,Y,Y,Active
HB-10973,Individual,Ms,Zoe,Kahu,Tipene,,,1984-09-04,F,127-165-264,,zoe.tipene@xtra.co.nz,021 816 6938,,44 Matai Street,Mount Eden,Auckland,1024,NZ,Retired,Countdown,18000,2008-02-27,Expired,Low,N,1,Everyday;Personal Loan;Savings,62175.93,0,745,Auckland Central,Y,Y,Active
HB-11363,Individual,Mr,Bill,,Campbell,,,2000-07-25,M,,,,021 183 7735,,188 Marine Crescent,Halswell,Christchurch,8025,NZ,Self-employed,,68000,2006-05-20,Pending,Low,N,1,Everyday,48692.63,0,853,Christchurch Central,Y,Y,Active
HB-10167,Individual,Mr,Daniel,Lee,Scott,,,1985-02-11,M,118-087-726,,daniel.scott@xtra.co.nz,029 879 9353,,148 Manuka Drive,Mount Maunganui,Tauranga,3116,NZ,Software Developer,Ministry of Education,0,2015-09-13,Pending,Medium,N,1,Everyday;KiwiSaver;Savings;Term Deposit,8435.85,0,717,Tauranga Central,Y,N,Active
HB-10408,Individual,Dr,Christopher,,Williams,,,1983-01-09,M,103-489-781,,christopher.williams@xtra.co.nz,022 320 2618,,"Unit 9, 177 Hill Terrace",Mount Eden,Auckland,1024,NZ,Electrician,Fletcher Building,85000,2003-10-13,Expired,High,N,2,KiwiSaver;Personal Loan;Term Deposit,14198.64,3500,506,Auckland Central,Y,N,Active
HB-10555,Individual,Mr,Anthony,Jane,Parata,,,2006-03-14,M,105-094-226,,,021 350 5820,,"Unit 4, 1 Nikau Terrace",Johnsonville,Wellington,6037,NZ,Electrician,Ministry of Education,160000,2018-06-25,Verified,Medium,N,5,Credit Card;Home Loan;KiwiSaver;Personal Loan;Term Deposit,85673.29,772217.47,427,Wellington Central,Y,Y,Active
HB-11172,Business,,,,,Kaimai Dairy Farms Limited,,,,109-487-350,9429467433073,accounts@kaimaidairyfarms.co.nz,,04 954 7090,"Unit 11, 126 Totara Crescent",Johnsonville,Wellington,6037,NZ,,,8000000,2016-07-06,Pending,Medium,N,2,Term Deposit,85409.28,1200000,,Wellington Business Centre,Y,Y,Active
HB-10074,Individual,Mrs,Jennifer,,McDonald,,,1992-07-13,F,125-474-648,,jennifer.mcdonald@outlook.com,027 347 0514,,59 Matai Place,Papatoetoe,Auckland,2025,NZ,Truck Driver,Auckland Council,68000,2003-01-14,Verified,Low,N,1,KiwiSaver,9108.37,0,527,Auckland Central,N,Y,Active
HB-10449,Individual,Mr,William,,Reid,,,1980-03-07,M,125-732-768,,william.reid@xtra.co.nz,022 319 2752,,236 Pohutukawa Avenue,Hillcrest,Hamilton,3216,NZ,Lawyer,Auckland Council,35000,2013-03-18,Verified,Low,N,5,Everyday;KiwiSaver;Personal Loan;Term Deposit,6373.31,0,464,Hamilton Central,N,Y,Active
HB-10913,Individual,Dr,Lucy,John,White,,,1973-04-14,F,136-117-149,,lucy.white@xtra.co.nz,027 863 9606,,69 Seaview Avenue,Miramar,Wellington,6022,NZ,Accountant,Kendrix Engineering Ltd,52000,2023-09-12,Verified,High,N,3,Credit Card;Home Loan;KiwiSaver;Savings,2022.27,366884.51,488,Wellington Central,N,N,Active
HB-10575,Individual,Dr,Mere,,Faleolo,,,1951-12-20,F,129-875-116,,mere.faleolo@xtra.co.nz,021 802 6922,04 995 1186,68 Great North Avenue,Johnsonville,Wellington,6037,NZ,Lawyer,Air New Zealand,35000,2024-03-16,Verified,Low,N,2,Credit Card,32587.79,12000,430,Wellington Central,N,Y,Active
HB-10929,Individual,Mr,Wiremu,,White,,,1953-03-07,M,124-254-116,,wiremu.white@outlook.com,022 793 7674,,124 Harbour Avenue,Roslyn,Dunedin,9010,NZ,Truck Driver,Countdown,68000,2005-10-09,Verified,Medium,N,1,Savings;Term Deposit,2419.62,0,649,Dunedin Central,N,N,Active
HB-10585,Individual,Ms,Leilani,Michael,MacLeod,,,1983-06-09,F,116-039-554,,,029 269 9107,03 658 3522,231 Church Place,Riccarton,Christchurch,8011,NZ,Nurse,Air New Zealand,0,1996-05-15,Verified,Low,N,2,Credit Card;Everyday;KiwiSaver;Personal Loan,14298.67,0,744,Christchurch Central,Y,N,Active
HB-10734,Individual,Mrs,Kiri,,Johansson,,,1997-06-27,F,108-182-204,,kiri.johansson@xtra.co.nz,029 895 8579,,15 Rata Road,Remuera,Auckland,1050,NZ,Nurse,,0,2005-12-31,Pending,Low,N,5,Personal Loan,2079.67,3500,424,Auckland Central,Y,Y,Active
HB-10856,Individual,Mr,Joshua,Marie,Faleolo,,,2007-12-25,M,130-382-205,,joshua.faleolo@xtra.co.nz,027 470 7493,,96 Ranui Crescent,Mornington,Dunedin,9011,NZ,Builder,Air New Zealand,240000,1996-01-28,Verified,High,N,5,KiwiSaver;Personal Loan;Term Deposit,24417.63,0,727,Dunedin Central,Y,Y,Active
HB-10485,Individual,Ms,Elizabeth,Anne,Tuhiwai,,,1974-09-30,F,102-869-464,,elizabeth.tuhiwai@xtra.co.nz,022 667 8448,,45 Park Drive,Miramar,Wellington,6022,NZ,Truck Driver,Harbourview Aged Care Ltd,52000,2025-01-01,Pending,Low,N,1,Everyday;KiwiSaver,124002.13,0,365,Wellington Central,Y,Y,Active
HB-10369,Individual,Ms,Zoe,Grace,Walker,,,1994-12-14,F,119-550-801,,,021 879 8812,07 489 4664,29 Totara Terrace,Hillcrest,Hamilton,3216,NZ,Chef,Fonterra,240000,2018-07-11,Verified,Low,N,5,Everyday;Home Loan;Personal Loan;Savings,67033.05,704542.52,543,Hamilton Central,Y,Y,Active
HB-10339,Individual,Mr,Luca,,O'Brien,,,1963-04-04,M,109-742-040,,luca.obrien@outlook.com,021 546 7187,07 346 1654,23 Station Crescent,Otumoetai,Tauranga,3110,NZ,Sales Manager,Fonterra,35000,2005-04-19,Verified,Low,N,2,Credit Card;Home Loan;Personal Loan;Savings;Term Deposit,12067.17,648729.26,414,Tauranga Central,Y,N,Active
HB-11348,Individual,Miss,Grace,,Hughes,,,1997-09-16,F,,,,022 659 3510,03 975 3071,95 Manuka Place,Riccarton,Christchurch,8011,NZ,Software Developer,Harbourview Aged Care Ltd,35000,1999-09-26,Verified,Low,N,1,Everyday,8264.99,0,861,Christchurch Central,Y,N,Active
HB-10813,Individual,Dr,Christopher,,Clarke,,,1978-03-28,M,105-679-758,,christopher.clarke@xtra.co.nz,029 675 3912,,53 Seaview Place,Sumner,Christchurch,8081,NZ,Unemployed,Kendrix Engineering Ltd,110000,2023-09-24,Verified,Low,N,2,Credit Card;Everyday;Home Loan;KiwiSaver;Savings,20571.89,593370.6,634,Christchurch Central,Y,N,Active
HB-10009,Individual,Dr,Hamish,,Brown,,,1999-12-05,M,136-727-324,,hamish.brown@xtra.co.nz,029 584 8052,,87 Harbour Place,Chartwell,Hamilton,3210,NZ,Accountant,Ministry of Education,18000,2019-09-08,Pending,High,N,4,Everyday,84324.43,3500,852,Hamilton Central,Y,Y,Dormant
