CUST_NO,CLIENT_SEGMENT,FULL_NAME,ENTITY_NAME,DOB,SEX,TAX_ID,COMPANY_REG_NO,NZBN,ADDR_1,ADDR_2,ADDR_3,CONTACT_PH_1,CONTACT_PH_2,EMAIL_ADDR,OCCUPATION_CD,EMPLOYER,INCOME_BAND,ONBOARD_DT,KYC_VERIFIED,KYC_LAST_REVIEW,AML_RISK,PEP_IND,PRODUCT_CODES,ACCT_CNT,TOTAL_DEP_BAL,TOTAL_LOAN_BAL,INTERNAL_RISK_GRADE,HOME_BRANCH_CD,E_STATEMENTS,DECEASED_IND,STATUS
00401267,RETAIL,"WHITE, OLIVER",,27-OCT-1968,M,132391321,,,195 STATION CRES,JOHNSONVILLE,WELLINGTON 6037,+64218846403,(04) 6575344,,NURS,SPARK,D: 120K+,02-NOV-1998,Y,21-JAN-2024,M,N,CC|CHQ|INS,3,3542.04,0.0,2,BR147,Y,N,A
00401571,RETAIL,"SMITH, NIKOLAI",,11-SEP-1945,M,127383511,,,209 RANUI TCE,,DUNEDIN 9012,022-1907708,,NIKOLAI23@HOTMAIL.COM,SOFT,AIR NEW ZEALAND,C: 70-120K,26-NOV-2018,Y,25-AUG-2024,L,N,TD,1,11941.51,0.0,1,BR143,Y,N,A
00403796,RETAIL,"WANG, ANTHONY",,14-JUL-1981,M,103532277,,,72 HILL AVE,,DUNEDIN 9012,+64294855252,(03) 7888057,,BUIL,SPARK,D: 120K+,11-SEP-2007,Y,20-AUG-2023,L,N,CC|SAV,4,4039.48,0.0,4,BR125,N,N,A
00404302,CORP,,SILVER BIRCH RETIREMENT VILLAGE LTD,,,115644170,2936644,,145 RANUI DR,HALSWELL,CHRISTCHURCH 8025,(03) 6987353,,,,,,06-JAN-2011,Y,30-SEP-2024,L,N,OD,2,30499.08,1500000,3,BR140,Y,N,A
00404055,SME,,Pacific Steel Distributors Ltd,,,133324964,5064533,9429741030389,244 RANUI AVE,MOUNT EDEN,AUCKLAND 1024,(09) 8002552,,,,,,01-APR-2003,Y,25-DEC-2025,M,N,BSAV|EQF|OD|TD,6,3148.56,80000,4,BR151,Y,N,A
00402005,RETAIL,"CHEN, STEVE",,10-AUG-1941,M,,,,6/78 KERERU ST,MOUNT EDEN,AUCKLAND 1024,+64273299962,,,ACCO,FLETCHER BUILDING,A: <30K,18-MAY-2020,Y,19-JUL-2025,M,N,CHQ,2,1505.39,0.0,2,BR140,Y,N,A
00404433,SME,,Pipi Beach Holiday Park Ltd,,,115423677,5270137,,45 KAURI ST,PAPATOETOE,AUCKLAND 2025,(09) 8343774,,,,,,13-JUL-2005,Y,08-MAR-2023,M,N,MERCH,1,66207.78,300000,5,BR125,Y,N,A
00401378,RETAIL,"ROSSI, RAWIRI",,21-JUN-2003,M,113107372,,,188 MATAI DR,HILLCREST,HAMILTON 3216,+64213764661,,,RETI,AUCKLAND COUNCIL,C: 70-120K,19-NOV-2003,Y,05-JAN-2026,L,N,CC|TD,3,15276.49,0.0,3,BR134,N,N,A
00401845,RETAIL,"KENNEDY, ZOE",,13-FEB-1962,F,139914631,,,4 POHUTUKAWA RD,ONEHUNGA,AUCKLAND 1061,+64292595212,,ZOE58@XTRA.CO.NZ,ACCO,AIR NEW ZEALAND,B: 30-70K,11-JUL-2022,Y,15-DEC-2023,L,N,INS|SAV,3,7945.91,0.0,3,BR152,N,N,A
00400462,RETAIL,"BROWN, SARAH",,31-JAN-1982,F,124069741,,,6/128 SEAVIEW TCE,,DUNEDIN 9011,+64298841772,(03) 3421274,SARAH46@GMAIL.COM,DOCT,HARBOURVIEW AGED CARE LTD,C: 70-120K,12-OCT-2016,Y,09-DEC-2019,L,N,MTG|SAV|TD,2,4032.71,839964.4,6,BR133,Y,N,A
00401592,RETAIL,"POHATU, DAVID",,18-SEP-1946,M,136825604,,,11/235 TOTARA TCE,MOUNT MAUNGANUI,TAURANGA 3116,021-2266484,(07) 9929698,,BUIL,TE WHATU ORA,C: 70-120K,24-MAY-2003,Y,28-AUG-2020,L,N,CHQ|MTG|SAV|TD,4,35083.06,140088.91,2,BR111,N,N,A
00402916,RETAIL,"CHEN, CHRISTOPHER",,16-JUN-1949,M,137811712,,,56 SEAVIEW DR,,AUCKLAND 1024,021-4250785,(09) 9566055,CHRISTOPHER21@GMAIL.COM,PUBL,MINISTRY OF EDUCATION,A: <30K,04-JAN-2020,Y,22-APR-2018,M,N,CC|CHQ,3,29786.54,0.0,2,BR150,N,N,A
00400713,RETAIL,"SMITH, RUBY",,30-JAN-1986,F,134181639,,,12/177 QUEEN AVE,JOHNSONVILLE,WELLINGTON 6037,+64216403469,(04) 6289002,RUBY39@XTRA.CO.NZ,TRUC,TE WHATU ORA,B: 30-70K,01-NOV-2010,N,23-NOV-2021,H,N,CC|PL|TD,4,4343.48,0.0,6,BR107,N,N,D
00400803,RETAIL,"FALEOLO, WILLIAM",,29-NOV-1991,M,105045208,,,227 VICTORIA TCE,,HAMILTON 3210,0279810324,(09) 3171564,,RETI,SELF,B: 30-70K,18-AUG-1988,Y,29-NOV-2021,L,N,MTG|PL|SAV,2,342.65,738848.68,3,BR127,Y,N,A
00403666,RETAIL,"ROSSI, JAMES L",,21-OCT-1984,M,136253588,,,169 CHURCH DR,CHARTWELL,HAMILTON 3210,027-5536767,(07) 8317785,,TRUC,AIR NEW ZEALAND,B: 30-70K,16-JAN-2013,Y,28-AUG-2019,L,N,INS|MTG|TD,2,3966.16,557900.43,1,BR138,Y,N,A
00400942,RETAIL,"TE RANGI, SARAH K",,15-JAN-1967,F,126165924,,,116 ALBERT DR,PONSONBY,AUCKLAND 1011,+64293624840,(09) 5177049,SARAH76@HOTMAIL.COM,TRUC,TE WHATU ORA,D: 120K+,11-JUN-2007,Y,19-FEB-2023,M,N,CC,1,4198.35,0.0,5,BR133,N,N,A
00401748,RETAIL,"SCOT,T BENJAMIN",,07-JUL-1990,M,,,,2/110 KERERU CRES,,AUCKLAND 0622,0298091803,,,NURS,AIR NEW ZEALAND,B: 30-70K,11-MAY-2008,Y,15-OCT-2022,H,N,CC|PL|SAV,2,89698.38,0.0,5,BR124,N,N,A
00403958,RETAIL,"REID, HANNAH",,03-MAR-1991,F,127665582,,,137 TOTARA AVE,PAPANUI,CHRISTCHURCH 8053,+64297238055,,,SALE,SPARK,B: 30-70K,09-JAN-2000,Y,12-OCT-2018,H,N,INS,1,211.65,0.0,3,BR100,Y,N,A
00402060,RETAIL,"AHMED, WILLIAM",,30-NOV-1956,M,103345020,,,18 RANUI DR,SUMNER,CHRISTCHURCH 8081,+64228224018,(03) 9752389,WILLIAM61@GMAIL.COM,BUIL,AUCKLAND COUNCIL,B: 30-70K,29-DEC-2003,N,17-FEB-2018,M,N,CC|SAV,3,5800.42,0.0,4,BR117,Y,N,A
00403006,RETAIL,"TUHIWAI, HEMI",,13-SEP-1973,M,124298893,,,17 CHURCH RD,KELBURN,WELLINGTON 6012,,(04) 9245036,HEMI86@XTRA.CO.NZ,STUD,SELF,D: 120K+,17-JAN-2019,N,23-JAN-2021,M,N,CHQ|INS|PL,2,17897.43,0.0,3,BR119,Y,N,A
00400788,RETAIL,"CLARKE, AROHA",,14-FEB-1944,F,104744932,,,4 MATAI TCE,PAPANUI,CHRISTCHURCH 8053,0222302948,(03) 4519382,AROHA53@XTRA.CO.NZ,RETA,SPARK,C: 70-120K,27-MAY-1999,Y,28-JUN-2022,M,N,CC|TD,2,13977.47,0.0,4,BR120,Y,N,A
00401464,RETAIL,"CAMPBELL, NIKOLAI L",,08-JAN-1958,M,124577934,,,162 CLYDE AVE,ROSLYN,DUNEDIN 9010,0228763317,,,PUBL,TE WHATU ORA,D: 120K+,22-DEC-2021,Y,31-MAY-2022,L,N,CHQ|PL|SAV,2,3372.37,0.0,1,BR131,N,N,A
00401725,RETAIL,"PARATA, CALLUM",,13-JUL-2001,M,113747355,,,237 RANUI CRES,CHARTWELL,HAMILTON 3210,+64297589752,(07) 7607194,CALLUM94@GMAIL.COM,TEAC,KENDRIX ENGINEERING LTD,A: <30K,20-OCT-2011,Y,29-AUG-2024,M,N,CC|CHQ|TD,2,8883.32,0.0,6,BR142,Y,N,D
00402614,RETAIL,"AHMED, SAM P",,09-MAY-1944,M,136616582,,,147 CHURCH RD,TAKAPUNA,AUCKLAND 0622,+64229804415,,SAM24@GMAIL.COM,UNEM,FLETCHER BUILDING,B: 30-70K,28-AUG-2010,Y,14-JUN-2019,M,N,CHQ|INS|MTG,2,8321.3,474571.27,2,BR132,Y,N,D
00403480,RETAIL,"O'BRIEN, CHLOE",,30-JUL-1956,F,117736352,,,72 CHURCH ST,ROSLYN,DUNEDIN 9010,+64222114728,(03) 7235411,,DOCT,TE WHATU ORA,A: <30K,08-JUN-2019,Y,03-FEB-2021,M,N,PL|SAV,3,21725.95,0.0,1,BR141,N,N,A
00400311,RETAIL,"VAN DER BERG, ANNA",,24-SEP-1990,F,123222712,,,89 CHURCH AVE,RICCARTON,CHRISTCHURCH 8011,022-7386219,(07) 9906152,,STUD,SOUTHERN CROSS FREIGHT LTD,B: 30-70K,15-AUG-2006,Y,15-JUN-2025,M,N,CC|MTG,4,894.59,372825.67,3,BR104,N,N,A
00402894,RETAIL,"O'BRIEN, LUCY",,01-APR-1982,F,121371672,,,61 TOTARA DR,PAPAMOA,TAURANGA 3118,021-4619957,,,UNEM,AIR NEW ZEALAND,B: 30-70K,11-JUL-2007,Y,13-APR-2024,M,N,MTG|TD,1,15806.77,387315.2,5,BR100,Y,N,A
00400061,RETAIL,"WILSON, AROHA L",,12-DEC-2006,F,102549812,,,199 GREAT NORTH PL,,DUNEDIN 9011,0273446690,(07) 3587246,AROHA22@HOTMAIL.COM,ELEC,HARBOURVIEW AGED CARE LTD,D: 120K+,24-DEC-2005,Y,16-DEC-2019,L,N,CC|SAV,3,7020.35,0.0,3,BR150,N,N,A
00400348,RETAIL,"JOHANSSON, SOPHIE",,26-OCT-1998,F,129524056,,,157 CHURCH TCE,ST CLAIR,DUNEDIN 9012,+64214089887,,SOPHIE94@HOTMAIL.COM,ELEC,SELF,A: <30K,09-AUG-2021,Y,01-SEP-2023,L,N,INS|MTG|PL,4,24192.44,267016.49,2,BR143,Y,N,D
00400587,RETAIL,"MCDONALD, MICHAEL L",,18-FEB-1944,M,106103724,,,31 SEAVIEW AVE,MOUNT MAUNGANUI,TAURANGA 3116,0276842844,(07) 2967082,MICHAEL17@GMAIL.COM,DOCT,COUNTDOWN,B: 30-70K,17-DEC-2007,Y,21-DEC-2021,M,N,CC|SAV|TD,3,1741.99,0.0,5,BR103,N,N,A
00401647,RETAIL,"AHMED, GRACE",,30-DEC-2002,F,124939541,,,8/185 ALBERT AVE,ST CLAIR,DUNEDIN 9012,029-1783387,(03) 6469861,GRACE61@GMAIL.COM,RETI,MINISTRY OF EDUCATION,A: <30K,20-AUG-2013,Y,21-APR-2019,M,N,PL|TD,1,764.48,0.0,2,BR128,N,N,A
00402893,RETAIL,"NGATA, HAMISH",,26-OCT-1941,M,121484720,,,222 TOTARA TCE,ST CLAIR,DUNEDIN 9012,+64292699077,,,STUD,KENDRIX ENGINEERING LTD,A: <30K,18-NOV-2012,Y,28-JAN-2024,H,N,CC|INS|MTG|PL,1,2260.39,727791.19,4,BR143,Y,N,A
00403073,RETAIL,"SCOTT, SOPHIE M",,02-DEC-1955,F,129730941,,,10/201 TUI CRES,PAPAMOA,TAURANGA 3118,022-6210969,,SOPHIE40@XTRA.CO.NZ,ELEC,,B: 30-70K,28-JAN-2011,Y,15-OCT-2021,L,N,CC|MTG|PL,3,68092.94,215385.89,5,BR108,N,N,A
00401806,RETAIL,"CAMPBELL, NELL P",,11-JUN-1951,F,139659222,,,8/38 STATION PL,PAPANUI,CHRISTCHURCH 8053,0218962423,,NELL93@HOTMAIL.COM,LAWY,SOUTHERN CROSS FREIGHT LTD,B: 30-70K,11-DEC-2006,Y,07-DEC-2022,H,N,MTG|SAV,2,7989.4,293429.73,1,BR137,N,N,A
00402237,RETAIL,"YOUNG, ANANYA",,04-AUG-1988,F,137594115,,,233 PARK ST,MORNINGTON,DUNEDIN 9011,0271762393,(03) 8375902,,BUIL,FLETCHER BUILDING,B: 30-70K,07-FEB-1993,N,24-MAR-2026,L,N,CC|CHQ,3,13221.25,0.0,2,BR159,N,N,A
00404286,SME,,HARBOUR LIGHTS PHARMACY,,,106859917,4570089,,95 CLYDE TCE,FRANKTON,HAMILTON 3204,(07) 2738224,,,,,,14-JUN-1990,N,05-AUG-2022,M,N,BCC|BSAV,3,127200.78,0,3,BR121,Y,N,A
00404532,SME,,KIWI COAST SEAFOODS,,,133596897,8166176,,54 ALBERT PL,MORNINGTON,DUNEDIN 9011,(03) 5259979,022-4003906,,,,,18-APR-2014,N,25-FEB-2020,M,N,BCC|BSAV|OD,3,9479.22,0,2,BR122,Y,N,A
00403712,RETAIL,"HARRIS, JENNIFER",,22-NOV-1960,F,121169676,,,210 MARINE AVE,SUMNER,CHRISTCHURCH 8081,022-2001112,,,TRUC,COUNTDOWN,B: 30-70K,26-JAN-1994,Y,22-SEP-2022,L,N,CHQ|PL|SAV,2,14992.95,0.0,1,BR154,N,N,A
00404550,RETAIL,"SCOTT, MEI",,01-DEC-1990,F,,,,231 VICTORIA PL,RICCARTON,CHRISTCHURCH 8011,029-7403706,(03) 8389398,,FARM,SELF,D: 120K+,13-NOV-1994,Y,21-MAY-2018,L,N,SAV,1,43713.77,0.0,2,BR119,Y,N,D
00400545,RETAIL,"MALCEOD, TANE M",,21-MAY-1987,M,113386279,,,4/22 VICTORIA RD,MORNINGTON,DUNEDIN 9011,029-4548199,,,ACCO,SOUTHERN CROSS FREIGHT LTD,A: <30K,11-NOV-2008,N,26-DEC-2025,L,N,CHQ|MTG|PL,3,4201.09,694462.56,2,BR102,N,N,A
00400176,RETAIL,"VAN DER BERG, CHARLOTTE J",,31-MAR-1942,F,134005406,,,56 KOWHAI DR,,WELLINGTON 6021,+64211899652,,,ACCO,AIR NEW ZEALAND,D: 120K+,18-DEC-1989,Y,10-JAN-2025,L,N,CHQ|MTG|PL|SAV,3,2852.05,787643.38,6,BR137,Y,N,A
00404396,CORP,,MAHI RECRUITMENT LTD,,,129966424,3498984,9429766224268,42 QUEEN AVE,HALSWELL,CHRISTCHURCH 8025,(03) 6727257,,,,,,15-SEP-2010,N,08-JUN-2021,M,N,BCC|BCHQ|BSAV,6,3797.1,0,5,BR139,Y,N,A
00403391,RETAIL,"FALEOLO, MEI",,14-MAY-1984,F,127268219,,,166 MATAI DR,ST CLAIR,DUNEDIN 9012,027-7771012,,,NURS,SPARK,D: 120K+,25-APR-2012,N,20-AUG-2024,L,N,CC|MTG|SAV,4,11934.37,577809.12,4,BR145,Y,N,A
00404355,SME,,BLUE PENGUIN TOURS LIMITED,,,121583997,3921629,9429934289726,213 HILL CRES,CHARTWELL,HAMILTON 3210,(07) 2274358,,,,,,29-JUN-2024,Y,27-MAY-2018,M,N,BCC|OD|TD,4,72993.9,1500000,4,BR121,Y,N,A
00400664,RETAIL,"WILLIAMS, OLIVIA",,01-JAN-1997,F,,,,2/121 RATA CRES,FRANKTON,HAMILTON 3204,+64293898417,(07) 9821418,,SALE,,A: <30K,20-MAR-2009,Y,22-OCT-2021,M,N,CHQ|INS,2,4694.54,0.0,6,BR109,Y,N,A
00403361,RETAIL,"MARTIN, BENJAMIN",,23-OCT-1944,M,137840252,,,111 PARK AVE,HILLCREST,HAMILTON 3216,+64273128314,,BENJAMIN46@HOTMAIL.COM,PUBL,FLETCHER BUILDING,B: 30-70K,11-JUL-2017,Y,13-OCT-2019,L,N,INS|MTG|PL,3,2360.25,554779.1,4,BR102,Y,N,A
00401043,RETAIL,"MITCHELL, ANTHONY",,25-JUN-1985,M,102062527,,,214 ALBERT DR,,DUNEDIN 9011,0222846903,,ANTHONY45@GMAIL.COM,BUIL,SPARK,C: 70-120K,05-DEC-2011,Y,25-OCT-2022,L,N,PL,3,17102.93,0.0,6,BR123,Y,N,A
00402696,RETAIL,"PATEL, TANE",,19-JAN-1966,M,118462134,,,128 BEACH RD,MORNINGTON,DUNEDIN 9011,+64274445338,(03) 5617240,TANE30@GMAIL.COM,PUBL,HARBOURVIEW AGED CARE LTD,B: 30-70K,06-APR-2024,Y,07-DEC-2021,H,N,INS|PL|TD,3,6165.42,0.0,3,BR129,N,N,A
00402203,RETAIL,"TE RANGI, CHLOE",,22-JUN-1942,F,115397725,,,1/89 CHURCH AVE,,AUCKLAND 1050,+64296311577,(03) 3828273,CHLOE94@GMAIL.COM,RETA,SPARK,C: 70-120K,13-APR-1996,Y,18-FEB-2023,M,N,INS|MTG,4,1419.52,268835.57,1,BR121,Y,N,A
00400673,RETAIL,"POHATU, GRACE",,09-OCT-1951,F,,,,50 ALBERT CRES,PONSONBY,AUCKLAND 1011,027-5755463,,GRACE90@HOTMAIL.COM,SOFT,HARBOURVIEW AGED CARE LTD,B: 30-70K,03-JUN-2023,Y,12-APR-2020,L,N,CC|TD,4,193556.6,0.0,6,BR122,Y,N,A
00402592,RETAIL,"O'BRIEN, XIN",,09-JUN-1966,F,117103174,,,151 KERERU RD,CHARTWELL,HAMILTON 3210,022-6002812,(07) 4096463,,ENGI,SPARK,D: 120K+,28-APR-2009,Y,18-APR-2022,L,N,CC|MTG|PL|TD,4,16990.72,656854.57,6,BR147,N,N,A
00401486,RETAIL,"CLARKE, SUSAN G",,16-FEB-1992,F,112682929,,,97 HILL AVE,MERIVALE,CHRISTCHURCH 8014,0297786314,,SUSAN97@XTRA.CO.NZ,LAWY,AUCKLAND COUNCIL,D: 120K+,19-MAY-2020,Y,17-JUN-2022,L,N,CHQ|SAV,2,24773.22,0.0,4,BR126,Y,N,A
00404339,SME,,Sunrise Childcare Centre Ltd,,,105460715,3990024,,222 CLYDE RD,PONSONBY,AUCKLAND 1011,(09) 2732253,,,,,,30-APR-2020,Y,15-JUN-2023,M,N,BCC|EQF,6,385826.82,0,2,BR131,Y,N,A
00403121,RETAIL,"FONOTI, OLIVER",,02-SEP-1974,M,114749827,,,89 KOWHAI DR,MOUNT MAUNGANUI,TAURANGA 3116,+64228906644,,OLIVER11@HOTMAIL.COM,NURS,SOUTHERN CROSS FREIGHT LTD,A: <30K,18-OCT-2009,Y,31-OCT-2021,M,N,MTG|PL|SAV|TD,2,4910.44,720605.62,1,BR143,N,N,D
00404409,SME,,Wharf Street Motors Ltd,,,,7232363,9429550871800,17 KERERU TCE,OTUMOETAI,TAURANGA 3110,(07) 3743648,,,,,,11-MAY-1996,N,08-NOV-2021,M,N,BCC|BSAV|EQF,2,86841.18,0,3,BR142,Y,N,A
00401398,RETAIL,"MACLEOD, PETER J",,08-JAN-1980,M,100807135,,,71 CLYDE RD,,DUNEDIN 9010,029-3211646,,,ELEC,AIR NEW ZEALAND,B: 30-70K,26-JUN-1997,Y,19-MAR-2020,H,N,CC|MTG|PL|TD,1,10661.52,734892.39,1,BR100,N,N,D
00401152,RETAIL,"ROBINSON, HELEN",,31-JAN-1963,F,104519751,,,11 CHURCH ST,HALSWELL,CHRISTCHURCH 8025,+64224508887,,,TEAC,SPARK,C: 70-120K,09-NOV-2018,N,20-FEB-2023,L,N,PL|SAV|TD,1,1899.9,0.0,6,BR159,N,N,A
00403884,RETAIL,"ANDERSON, TONY",,03-MAY-2002,M,124088080,,,3 SEAVIEW DR,RICCARTON,CHRISTCHURCH 8011,021-9885116,,,SELF,SPARK,B: 30-70K,20-MAY-1998,N,21-APR-2026,H,N,CC|CHQ|INS,2,1082.33,0.0,3,BR153,Y,N,A
00402598,RETAIL,"NGATA, ETHAN",,03-AUG-1980,M,114103019,,,110 QUEEN ST,NEWTOWN,WELLINGTON 6021,+64213847172,(04) 5949912,ETHAN45@GMAIL.COM,ACCO,AIR NEW ZEALAND,A: <30K,16-SEP-1991,Y,30-APR-2025,M,N,INS,1,71605.88,0.0,3,BR150,N,N,A
00401033,RETAIL,"WANG, RAWIRI",,13-MAY-1959,M,,,,167 RATA CRES,,DUNEDIN 9010,0279678764,,,TRUC,MINISTRY OF EDUCATION,B: 30-70K,06-APR-2021,Y,02-DEC-2023,L,N,CC|INS|SAV,3,27325.86,0.0,1,BR141,N,N,D
00402640,RETAIL,"REI,D MATEO L",,23-MAR-1993,M,106753452,,,114 CHURCH PL,,WELLINGTON 6012,0217194868,(04) 6275744,,SOFT,FLETCHER BUILDING,D: 120K+,29-MAR-2012,Y,27-SEP-2023,L,N,INS|TD,1,6270.96,0.0,2,BR141,Y,N,A
00400755,RETAIL,"HUGHES, MATTHEW",,18-MAY-2003,M,103257687,,,53 MANUKA CRES,,AUCKLAND 1011,+64293038728,,MATTHEW28@GMAIL.COM,RETI,COUNTDOWN,A: <30K,24-DEC-2022,N,26-OCT-2025,L,N,CC|MTG,4,18490.97,463587.75,4,BR146,N,N,A
00400384,RETAIL,"ROBINSON, TEVITA",,30-SEP-1960,M,,,,3/109 MARINE DR,,WELLINGTON 6012,022-5501618,(09) 2049265,TEVITA96@XTRA.CO.NZ,TRUC,FONTERRA,A: <30K,31-DEC-1993,Y,04-JUL-2026,M,N,INS|TD,3,50029.67,0.0,2,BR110,N,N,A
00400811,RETAIL,"SCOTT, ARJUN",,25-MAY-1971,M,119921924,,,169 CLYDE RD,MOUNT MAUNGANUI,TAURANGA 3116,027-3672743,,ARJUN83@GMAIL.COM,BUIL,AIR NEW ZEALAND,A: <30K,18-JUL-1994,N,12-FEB-2021,M,N,MTG|SAV,3,38032.31,354985.22,6,BR108,N,N,D
00400231,RETAIL,"BROWN, SUSAN",,19-JUN-1957,F,,,,48 MARINE CRES,FRANKTON,HAMILTON 3204,0277424328,,SUSAN61@XTRA.CO.NZ,SELF,SELF,B: 30-70K,12-AUG-2019,Y,27-JUN-2020,L,N,PL,2,17439.81,0.0,1,BR156,N,N,A
00400505,RETAIL,"CAMPBELL, JAMES",,25-OCT-1985,M,112341215,,,228 CHURCH RD,ST CLAIR,DUNEDIN 9012,022-5153655,(03) 6618532,JAMES74@XTRA.CO.NZ,DOCT,AIR NEW ZEALAND,B: 30-70K,24-JUN-2003,Y,11-MAR-2025,H,N,INS|MTG|PL|SAV,3,61548.69,776730.72,4,BR119,Y,N,A
00402924,RETAIL,"WHITE, ZOE",,12-JAN-1947,F,139823332,,,11/188 NIKAU CRES,MORNINGTON,DUNEDIN 9011,027-3353590,(03) 2437646,,CHEF,SELF,A: <30K,01-DEC-1990,Y,04-JUN-2025,L,N,INS|MTG,4,24334.57,714118.71,1,BR151,N,N,A
00402979,RETAIL,"WHITE, RAWIRI K",,16-NOV-1944,M,,,,123 BEACH CRES,PAPAMOA,TAURANGA 3118,,(07) 2174418,RAWIRI79@HOTMAIL.COM,ELEC,FONTERRA,D: 120K+,22-JUN-1998,Y,16-JAN-2023,L,N,PL|SAV,2,1761.8,0.0,1,BR100,Y,N,A
00400002,RETAIL,"NGUYEN, ZOE",,22-JUL-1992,F,,,,52 VICTORIA ST,PAPATOETOE,AUCKLAND 2025,0214896120,(09) 7961789,,ELEC,,D: 120K+,10-JUL-2011,N,01-APR-2024,M,N,CC|CHQ,4,44328.81,0.0,6,BR122,Y,N,A
00402557,RETAIL,"THOMPSON, ANAHERA P",,18-NOV-2007,F,106681747,,,110 KERERU CRES,MOUNT EDEN,AUCKLAND 1024,027-2766423,(09) 6877568,,SALE,HARBOURVIEW AGED CARE LTD,B: 30-70K,30-JUL-2024,Y,30-MAY-2022,H,N,CC|INS,4,13318.38,0.0,2,BR123,Y,N,A
00403576,RETAIL,"NGATA, ANDREW J",,29-DEC-1996,M,139142973,,,96 HARBOUR TCE,JOHNSONVILLE,WELLINGTON 6037,,,,SALE,SELF,B: 30-70K,02-SEP-2022,N,22-DEC-2024,L,N,INS|SAV,3,8551.88,0.0,1,BR149,N,N,A
00404452,SME,,MOUNTAIN VIEW ORCHARDS,,,,4642222,9429383915699,20 SEAVIEW AVE,KARORI,WELLINGTON 6012,(04) 4949343,,,,,,02-JUL-2019,Y,21-MAY-2022,M,N,OD,4,74844.3,80000,2,BR147,Y,N,A
00403550,RETAIL,"STEAWRT, SUE",,24-APR-1969,F,134361757,,,33 GREAT NORTH DR,ST CLAIR,DUNEDIN 9012,,(03) 2226222,SUE52@HOTMAIL.COM,SELF,AUCKLAND COUNCIL,C: 70-120K,19-AUG-2013,Y,24-JUN-2018,L,N,CHQ|INS|PL,3,159768.21,0.0,4,BR145,N,N,D
00404083,CORP,,Lakeside Motor Group Ltd,,,,3266969,9429222970235,145 KAURI RD,CHARTWELL,HAMILTON 3210,(07) 8468714,,,,,,20-SEP-2016,Y,11-MAY-2021,H,N,BCHQ|OD,2,12652.86,0,4,BR117,Y,N,A
00402384,RETAIL,"PARATA, TOM",,11-JAN-1940,M,100853352,,,193 SEAVIEW DR,RICCARTON,CHRISTCHURCH 8011,+64223894183,(03) 5837411,TOM90@XTRA.CO.NZ,NURS,FLETCHER BUILDING,D: 120K+,23-AUG-1995,N,19-APR-2021,M,N,MTG|PL,4,39355.65,685768.41,6,BR107,Y,N,A
00404111,SME,,HARVEST FOOD MANUFACTURING LIMITED,,,118856184,1025844,9429357674446,112 GREAT NORTH CRES,FRANKTON,HAMILTON 3204,(07) 3751938,+64279501191,,,,,28-MAR-2006,Y,04-MAY-2023,H,N,TD,5,51201.12,80000,4,BR101,Y,N,A
00400806,RETAIL,"NGUYEN, SOPHIE M",,06-MAY-1985,F,137906396,,,8/174 POHUTUKAWA TCE,,DUNEDIN 9010,0219671032,,SOPHIE92@GMAIL.COM,TRUC,TE WHATU ORA,D: 120K+,11-MAY-2025,N,18-AUG-2026,H,N,CHQ|PL,2,4449.97,0.0,3,BR114,Y,N,A
00401995,RETAIL,"TE RANGI, ELIZABETH",,12-FEB-2000,F,132430135,,,88 CLYDE DR,CHARTWELL,HAMILTON 3210,,(07) 3858488,,ACCO,KENDRIX ENGINEERING LTD,B: 30-70K,29-MAR-1993,Y,23-JUL-2026,M,N,CC|INS,2,4320.72,0.0,5,BR150,N,N,A
00402764,RETAIL,"SHARMA, GRACE",,19-MAR-1956,F,,,,184 QUEEN TCE,HILLCREST,HAMILTON 3216,,,,ELEC,SELF,D: 120K+,06-FEB-2025,N,17-MAR-2021,H,N,MTG|PL|SAV|TD,2,29195.08,408170.81,2,BR160,N,N,A
00401505,RETAIL,"MACLEOD, FIONA",,13-MAR-1966,F,124865694,,,210 HARBOUR TCE,PAPAMOA,TAURANGA 3118,+64291064376,(07) 7693261,,ENGI,,C: 70-120K,07-APR-1999,Y,14-FEB-2025,M,N,CHQ|SAV,1,145096.51,0.0,5,BR150,Y,N,A
00402294,RETAIL,"MCDONALD, ANANYA",,04-DEC-2002,F,130342744,,,50 CLYDE TCE,ST CLAIR,DUNEDIN 9012,021-8170972,(03) 5162071,,STUD,SELF,C: 70-120K,03-DEC-1994,Y,18-OCT-2021,L,N,CC|CHQ|MTG|SAV,3,12003.29,646630.84,4,BR119,N,N,A
00404063,SME,,RANGITOTO SECURITY SERVICES LTD,,,,3608911,,223 TOTARA DR,FRANKTON,HAMILTON 3204,(07) 3466917,+64276270848,,,,,30-MAR-1996,Y,11-MAY-2026,H,N,BCC|BCHQ|MERCH,6,211535.82,1500000,5,BR112,Y,N,A
00402362,RETAIL,"LI, VICKY",,29-APR-1992,F,111387503,,,4/29 KERERU CRES,NEWTOWN,WELLINGTON 6021,022-1895855,(04) 7155005,VICKY1@GMAIL.COM,TEAC,SELF,D: 120K+,09-JUL-2010,N,09-JUN-2022,L,N,CC|CHQ|MTG|SAV,4,10369.51,597873.88,5,BR102,Y,N,A
00402806,RETAIL,"ANDERSON, DANIEL",,07-SEP-1982,M,102000501,,,88 BEACH RD,MORNINGTON,DUNEDIN 9011,029-3640978,,DANIEL43@GMAIL.COM,UNEM,AUCKLAND COUNCIL,B: 30-70K,03-OCT-2024,Y,07-MAR-2022,L,N,CC|INS|TD,3,8522.7,0.0,1,BR134,Y,N,A
00402472,RETAIL,"AHMED, ROBERT",,21-FEB-1960,M,137047387,,,42 QUEEN ST,ST CLAIR,DUNEDIN 9012,+64212464024,,ROBERT99@HOTMAIL.COM,UNEM,SPARK,D: 120K+,03-APR-2020,Y,25-DEC-2025,M,N,CHQ|MTG|PL|SAV,1,21844.7,612943.66,2,BR119,N,N,A
00400631,RETAIL,"WILSON, JESS",,27-SEP-1950,F,106452900,,,72 RATA RD,PONSONBY,AUCKLAND 1011,+64225978158,,,SOFT,FONTERRA,D: 120K+,19-MAR-1997,N,16-SEP-2025,L,N,TD,4,11260.5,0.0,5,BR109,Y,N,A
00403239,RETAIL,"SCOTT, RAWIRI",,10-JUN-1949,M,100698827,,,202 VICTORIA DR,,WELLINGTON 6012,+64276401448,(04) 8653000,,PUBL,FLETCHER BUILDING,A: <30K,28-JUN-2026,N,08-AUG-2022,L,N,CHQ|INS|TD,4,31790.99,0.0,5,BR138,Y,N,D
00403421,RETAIL,"STEWART, SIONE L",,20-AUG-2001,M,113786172,,,189 BEACH CRES,ONEHUNGA,AUCKLAND 1061,+64298591123,,,RETA,SOUTHERN CROSS FREIGHT LTD,B: 30-70K,10-AUG-2011,N,06-DEC-2020,L,N,SAV|TD,1,16213.71,0.0,4,BR144,Y,N,A
00403260,RETAIL,"SHARMA, LUCA",,26-OCT-1979,M,120867416,,,114 ALBERT CRES,OTUMOETAI,TAURANGA 3110,021-4401744,(07) 8889528,LUCA73@GMAIL.COM,DOCT,HARBOURVIEW AGED CARE LTD,D: 120K+,01-JUN-2011,Y,05-OCT-2024,L,N,INS,2,10848.78,0.0,2,BR123,Y,N,A
00404358,SME,,ALPINE SKI HIRE,,,,3266774,,179 NIKAU ST,JOHNSONVILLE,WELLINGTON 6037,(04) 4026655,,,,,,03-MAY-2012,N,16-NOV-2025,L,N,MERCH|OD|TD,4,109533.96,300000,4,BR149,Y,N,A
00400155,RETAIL,"WILLIAMS, STEVE M",,25-FEB-1974,M,109443176,,,188 MATAI DR,MIRAMAR,WELLINGTON 6022,029-9537987,,STEVE43@HOTMAIL.COM,ACCO,SPARK,C: 70-120K,05-OCT-2004,Y,23-JUN-2021,L,N,CC,1,6837.57,0.0,6,BR101,Y,N,A
00403447,RETAIL,"TE RANGI, ISLA",,29-FEB-1956,F,116326348,,,15 MARINE PL,REMUERA,AUCKLAND 1050,027-6492030,,,LAWY,AUCKLAND COUNCIL,B: 30-70K,09-JUN-1996,Y,13-MAY-2018,H,N,CHQ,4,50810.42,0.0,3,BR133,Y,N,A
00402956,RETAIL,"WHITE, JOSHUA J",,30-DEC-1996,M,,,,42 MARINE DR,SUMNER,CHRISTCHURCH 8081,+64229156255,,JOSHUA71@GMAIL.COM,RETA,AUCKLAND COUNCIL,A: <30K,08-JUN-2009,Y,31-JAN-2020,L,N,INS|MTG|PL|TD,1,15322.37,787948.74,4,BR129,N,N,A
00402680,RETAIL,"JOHANSSON, OLIVER G",,14-OCT-1992,M,113807640,,,10/41 QUEEN RD,MERIVALE,CHRISTCHURCH 8014,+64226444461,,OLIVER37@GMAIL.COM,RETI,SPARK,B: 30-70K,06-MAY-1996,N,14-JAN-2020,M,N,CHQ,2,14602.51,0.0,2,BR133,Y,N,A
00401105,RETAIL,"KIM, WEI",,03-MAY-1982,M,,,,128 CLYDE RD,RICCARTON,CHRISTCHURCH 8011,029-5413940,(03) 7127977,WEI66@XTRA.CO.NZ,ACCO,AIR NEW ZEALAND,A: <30K,25-MAR-2014,Y,09-FEB-2018,M,N,CHQ,3,12511.32,0.0,1,BR126,N,N,A
00402164,RETAIL,"SMITH, JOSHUA",,08-APR-1941,M,111063739,,,217 CHURCH AVE,JOHNSONVILLE,WELLINGTON 6037,,(04) 9774008,JOSHUA93@GMAIL.COM,ENGI,FLETCHER BUILDING,A: <30K,04-SEP-2023,N,02-SEP-2022,M,N,CC|PL,1,1026.85,0.0,2,BR116,Y,N,A
00402715,RETAIL,"MITCHELL, JUN",,28-FEB-1966,M,138492199,,,5/236 CLYDE CRES,RICCARTON,CHRISTCHURCH 8011,+64291670789,(03) 7881836,,RETI,FONTERRA,A: <30K,04-OCT-1988,Y,10-APR-2019,H,N,CHQ|PL|SAV,2,9302.0,0.0,2,BR108,N,N,A
00400789,RETAIL,"YOUNG, HELEN L",,09-MAY-1979,F,122645261,,,108 TOTARA RD,REMUERA,AUCKLAND 1050,022-7146668,,HELEN24@GMAIL.COM,TRUC,SELF,B: 30-70K,15-OCT-1994,Y,17-MAY-2023,L,N,CHQ|MTG,1,43079.15,590132.08,4,BR135,Y,N,A
00400187,RETAIL,"WANG, MATEO",,26-JUL-1947,M,124317923,,,67 MATAI AVE,,WELLINGTON 6037,029-5176504,,,FARM,TE WHATU ORA,C: 70-120K,26-AUG-2024,Y,05-OCT-2019,L,N,INS|PL|SAV,3,68445.18,0.0,4,BR140,N,N,A
00401624,RETAIL,"VAN DER BERG, ANNA L",,04-MAY-1951,F,136518638,,,210 KAURI TCE,SUMNER,CHRISTCHURCH 8081,022-8224665,(07) 3801619,ANNA38@GMAIL.COM,DOCT,SELF,B: 30-70K,21-JAN-2008,N,08-MAR-2023,H,N,INS,4,4219.92,0.0,5,BR152,N,N,A
00403148,RETAIL,"WILSON, MIKE G",,03-NOV-1984,M,,,,226 STATION ST,,WELLINGTON 6037,0277825311,,MIKE80@GMAIL.COM,STUD,SOUTHERN CROSS FREIGHT LTD,D: 120K+,25-AUG-2011,Y,12-MAR-2019,M,N,PL,1,10251.19,0.0,5,BR159,Y,N,A
00401281,RETAIL,"KIM, NAOMI",,09-NOV-1994,F,118531608,,,5/51 GREAT NORTH DR,FRANKTON,HAMILTON 3204,022-4103116,,,DOCT,,A: <30K,09-JUN-2006,Y,09-FEB-2020,L,N,INS|PL|SAV,3,27307.1,0.0,3,BR158,N,N,A
00403281,RETAIL,"MACLEOD, HAMISH J",,25-NOV-1982,M,106567225,,,115 MARINE CRES,SUMNER,CHRISTCHURCH 8081,,,,ACCO,SPARK,B: 30-70K,31-MAY-2025,Y,31-OCT-2020,L,N,INS|SAV,1,12517.11,0.0,2,BR141,N,N,A
00402040,RETAIL,"FALEOLO, TEVITA K",,02-JUL-1995,M,,,,70 PARK TCE,ONEHUNGA,AUCKLAND 1061,+64218503762,,,NURS,,B: 30-70K,07-SEP-1999,Y,13-JUN-2019,M,N,CC|CHQ|MTG,4,15040.27,273590.32,3,BR124,Y,N,A
00404316,CORP,,TOTARA TREE CARE LTD,,,104400292,4661158,9429347567187,83 MANUKA RD,OTUMOETAI,TAURANGA 3110,(07) 3073937,,,,,,15-AUG-1992,Y,02-JUL-2023,M,N,BCC|TD,3,24703.44,300000,2,BR140,Y,N,A
00403593,RETAIL,"MITCHELL, SUSAN L",,05-OCT-1946,F,101196273,,,2 HILL ST,JOHNSONVILLE,WELLINGTON 6037,021-9375166,(07) 6118097,,CHEF,SOUTHERN CROSS FREIGHT LTD,B: 30-70K,18-NOV-2008,Y,11-JUN-2025,M,N,CHQ|PL,1,17636.01,0.0,4,BR123,N,N,A
00401453,RETAIL,"FONOTI, DAVE J",,26-JAN-2000,M,,,,46 NIKAU TCE,FRANKTON,HAMILTON 3204,0299165486,,DAVE92@HOTMAIL.COM,UNEM,FONTERRA,B: 30-70K,07-JAN-1990,N,09-SEP-2018,L,Y,CHQ|INS,3,49266.66,0.0,1,BR152,N,N,A
00404564,RETAIL,"WILSON, AMELIA",,05-SEP-2001,F,,,,148 QUEEN AVE,HENDERSON,AUCKLAND 0612,022-4457347,,AMELIA82@GMAIL.COM,ENGI,SELF,C: 70-120K,02-OCT-2018,Y,11-MAR-2022,M,N,SAV,1,46018.2,0.0,3,BR133,N,N,A
00404517,SME,,MOA HUNTER OUTDOOR LTD,,,,8343725,,85 POHUTUKAWA PL,PAPAMOA,TAURANGA 3118,(07) 7692552,,,,,,21-APR-2025,Y,08-JUN-2020,H,N,MERCH,2,138751.68,300000,4,BR141,Y,N,A
00403974,RETAIL,"SCOTT, DAN",,24-MAR-1957,M,124791682,,,49 KOWHAI PL,NEWTOWN,WELLINGTON 6021,+64222062059,,DAN80@HOTMAIL.COM,PUBL,,B: 30-70K,04-AUG-2013,Y,09-JAN-2020,L,N,CC|PL|SAV,2,13137.68,0.0,3,BR141,N,N,A
00400877,RETAIL,"FITZGERALD, ARJUN A",,12-JAN-1973,M,124601755,,,17 MARINE AVE,,HAMILTON 3210,+64228192189,(07) 3094200,,FARM,FLETCHER BUILDING,C: 70-120K,29-MAR-1994,Y,11-FEB-2018,M,N,INS,1,4056.47,0.0,1,BR129,Y,N,A
00400767,RETAIL,"VAN DER BERG, SOPHIE",,21-APR-1979,F,136967480,,,203 BEACH AVE,HALSWELL,CHRISTCHURCH 8025,021-1096686,(03) 8085268,,RETA,AUCKLAND COUNCIL,B: 30-70K,11-APR-1999,N,16-OCT-2023,L,N,CC|PL|SAV,2,17012.51,0.0,4,BR124,N,N,A
00400518,RETAIL,"WILLIAMS, JENNIFER",,10-OCT-1964,F,,,,10 PARK ST,ONEHUNGA,AUCKLAND 1061,029-4263431,,JENNIFER82@XTRA.CO.NZ,DOCT,SPARK,C: 70-120K,26-DEC-1994,Y,26-AUG-2023,M,N,PL,4,47164.9,0.0,2,BR124,Y,N,A
00400212,RETAIL,"TAYLOR, AISHA L",,06-APR-1989,F,120591774,,,6/156 QUEEN RD,HILLCREST,HAMILTON 3216,029-9229155,,AISHA26@GMAIL.COM,TRUC,KENDRIX ENGINEERING LTD,C: 70-120K,05-SEP-2012,N,11-JAN-2025,H,N,CC|INS,3,38290.45,0.0,3,BR118,Y,N,A
00401180,RETAIL,"MCDONALD, LUCA",,21-JAN-1965,M,,,,229 MARINE DR,ONEHUNGA,AUCKLAND 1061,+64271928315,(03) 8141905,LUCA20@GMAIL.COM,ENGI,SPARK,B: 30-70K,02-AUG-1992,N,31-MAR-2024,M,N,CC|MTG|PL,2,13941.88,554256.53,3,BR106,N,N,A
00401872,RETAIL,"YOUNG, AISHA",,30-APR-2004,F,115807123,,,212 MANUKA TCE,RICCARTON,CHRISTCHURCH 8011,+64292884361,,,DOCT,SOUTHERN CROSS FREIGHT LTD,A: <30K,02-MAY-2002,Y,11-OCT-2018,H,N,CHQ|MTG|PL|TD,4,2226.48,233840.12,2,BR107,N,N,A
00402306,RETAIL,"NGATA, RICK",,05-JAN-1972,M,,,,53 MATAI PL,MIRAMAR,WELLINGTON 6022,029-1481539,(04) 5189258,RICK39@GMAIL.COM,BUIL,SPARK,A: <30K,08-FEB-1990,N,29-APR-2025,L,N,MTG|PL,4,38080.04,680090.11,4,BR147,Y,N,D
00404497,CORP,,ŌTAUTAHI PRINT CO LIMITED,,,,8435807,,93 ALBERT DR,NEWTOWN,WELLINGTON 6021,(04) 9169103,,,,,,21-APR-2001,Y,27-APR-2023,H,N,BSAV|MERCH|OD|TD,3,33464.46,0,4,BR111,Y,N,A
00402239,RETAIL,"MARTIN, JENNIFER J",,17-APR-1960,F,125716404,,,117 HILL ST,HENDERSON,AUCKLAND 0612,+64226894066,,,ELEC,,B: 30-70K,06-AUG-2020,Y,01-APR-2024,M,N,INS|PL,2,6367.1,0.0,4,BR114,N,N,A
00401071,RETAIL,"TUHIWAI, CHARLOTTE L",,03-APR-1979,F,117745489,,,3/87 HILL CRES,CHARTWELL,HAMILTON 3210,021-7068019,,CHARLOTTE18@XTRA.CO.NZ,RETA,TE WHATU ORA,A: <30K,14-APR-2001,Y,26-DEC-2018,M,N,CHQ|MTG|TD,2,5922.7,826790.52,6,BR158,N,N,A
00400081,RETAIL,"WILLAIMS, JAMES",,09-AUG-1946,M,107596421,,,139 TUI AVE,CHARTWELL,HAMILTON 3210,029-4683078,(03) 4913559,JAMES1@XTRA.CO.NZ,CHEF,COUNTDOWN,A: <30K,11-NOV-2022,N,25-SEP-2023,L,N,CC|CHQ|PL,2,112813.72,0.0,2,BR143,Y,N,A
00400998,RETAIL,"HUGHES,W ILLIAM M",,19-FEB-1984,M,129486543,,,84 QUEEN CRES,HALSWELL,CHRISTCHURCH 8025,0297131318,(03) 7554702,WILLIAM57@GMAIL.COM,RETA,KENDRIX ENGINEERING LTD,C: 70-120K,28-JUL-2001,Y,21-FEB-2020,L,N,SAV,2,1415.54,0.0,5,BR144,N,N,A
00403379,RETAIL,"POHATU, JACK",,24-AUG-1965,M,108051503,,,205 CHURCH PL,SUMNER,CHRISTCHURCH 8081,,(03) 6453643,JACK64@HOTMAIL.COM,STUD,TE WHATU ORA,D: 120K+,09-OCT-2004,Y,04-OCT-2025,L,N,INS|MTG,4,6668.32,223239.46,4,BR137,Y,N,A
00404040,CORP,,SUMMIT ROOFING SUPPLIES LIMITED,,,131036371,2407739,,229 MANUKA PL,MOUNT MAUNGANUI,TAURANGA 3116,(07) 8426633,+64279611617,,,,,29-DEC-2015,N,27-MAY-2024,L,N,BCC|BSAV|EQF,3,47301.6,300000,3,BR147,Y,N,A
00400561,RETAIL,"SMITH, THOMAS",,27-OCT-1987,M,125748643,,,4/161 MARINE TCE,REMUERA,AUCKLAND 1050,0273197928,,,BUIL,HARBOURVIEW AGED CARE LTD,B: 30-70K,13-JUN-2016,Y,18-JUN-2026,M,N,CHQ|INS|MTG|PL,3,48583.89,461278.26,4,BR130,Y,N,A
00400948,RETAIL,"WILLIAMS, LOSA",,22-JUL-1984,F,130694216,,,10/35 MATAI PL,,CHRISTCHURCH 8081,029-5040470,,LOSA22@GMAIL.COM,FARM,MINISTRY OF EDUCATION,B: 30-70K,26-FEB-2005,Y,01-JUN-2018,H,N,CC|MTG|SAV|TD,4,50508.21,369809.24,1,BR106,Y,N,D
00400558,RETAIL,"YOUNG, AISHA L",,29-SEP-1958,F,133085608,,,109 RANUI RD,ROSLYN,DUNEDIN 9010,0221007166,,AISHA34@GMAIL.COM,SOFT,COUNTDOWN,A: <30K,02-AUG-1997,Y,07-MAR-2025,H,N,CHQ|MTG|TD,1,4222.46,457740.85,2,BR125,N,N,A
00403319,RETAIL,"HUGHES, LUCA",,07-SEP-1982,M,127780974,,,236 CHURCH TCE,FRANKTON,HAMILTON 3204,027-4177166,,,BUIL,SELF,D: 120K+,12-AUG-2012,N,05-OCT-2019,L,N,CHQ|MTG|PL|SAV,3,21581.54,764471.28,1,BR153,N,N,D
00402246,RETAIL,"VAN DER BERG, ANANYA",,26-AUG-1978,F,129380168,,,94 BEACH DR,CHARTWELL,HAMILTON 3210,021-5667972,,,ELEC,HARBOURVIEW AGED CARE LTD,D: 120K+,03-NOV-1992,N,14-SEP-2019,L,N,CHQ|MTG|PL|TD,2,32857.22,165746.54,6,BR142,N,N,A
00402821,RETAIL,"AHMED, SIONE J",,05-MAY-1968,M,109411423,,,188 MANUKA CRES,OTUMOETAI,TAURANGA 3110,0272463871,,SIONE42@HOTMAIL.COM,STUD,SPARK,B: 30-70K,19-JUL-2014,Y,16-APR-2018,M,N,INS,4,59512.78,0.0,4,BR153,Y,N,A
00401557,RETAIL,"WHITE, MELE L",,07-AUG-2005,F,117079464,,,237 NIKAU ST,MORNINGTON,DUNEDIN 9011,0211469693,,MELE93@HOTMAIL.COM,BUIL,MINISTRY OF EDUCATION,A: <30K,24-MAY-1988,Y,15-JUN-2025,M,N,MTG|TD,1,952.2,716934.53,6,BR116,N,N,A
00403632,RETAIL,"CLARKE, MATEO",,17-MAY-1960,M,135914099,,,102 POHUTUKAWA TCE,PONSONBY,AUCKLAND 1011,+64272847437,,MATEO33@XTRA.CO.NZ,RETA,TE WHATU ORA,A: <30K,11-APR-2023,Y,01-JUL-2025,L,N,PL|TD,1,8867.53,0.0,1,BR100,N,N,A
00400470,RETAIL,"TUILAGI, JUN",,14-DEC-1973,M,,,,223 TOTARA ST,HALSWELL,CHRISTCHURCH 8025,+64273969368,(03) 5515491,JUN41@XTRA.CO.NZ,NURS,SELF,B: 30-70K,24-APR-1993,Y,24-NOV-2018,L,N,CHQ|SAV,2,26561.15,0.0,4,BR125,Y,N,A
00403769,RETAIL,"KENNEDY, BENJAMIN J",,24-OCT-1972,M,101971815,,,9/73 KAURI AVE,JOHNSONVILLE,WELLINGTON 6037,+64293570103,,BENJAMIN41@HOTMAIL.COM,STUD,SELF,A: <30K,07-OCT-2004,Y,22-APR-2025,L,N,INS|TD,4,12794.66,0.0,1,BR152,Y,N,A
00400697,RETAIL,"SHARMA, JAMES",,17-MAR-1940,M,,,,69 MARINE TCE,PAPANUI,CHRISTCHURCH 8053,029-1784354,,JAMES59@XTRA.CO.NZ,STUD,COUNTDOWN,D: 120K+,25-AUG-2012,Y,28-JUL-2019,L,N,SAV,1,70237.35,0.0,4,BR104,N,N,A
00401812,RETAIL,"WALKER, LUCA M",,29-MAY-1986,M,117863789,,,11/41 RANUI ST,NEWTOWN,WELLINGTON 6021,0272777766,(09) 4729369,,ACCO,FONTERRA,D: 120K+,03-NOV-1991,Y,01-AUG-2021,L,N,SAV,3,11582.01,0.0,1,BR120,Y,N,D
00400280,RETAIL,"ANDERSON, RICK",,28-APR-2005,M,115874576,,,88 TOTARA RD,REMUERA,AUCKLAND 1050,+64277612216,(09) 5614751,,FARM,HARBOURVIEW AGED CARE LTD,A: <30K,11-MAY-2017,Y,16-AUG-2023,H,N,CC|CHQ|INS,1,8597.14,0.0,4,BR112,Y,N,A
00402815,RETAIL,"TIPENE, ELIZABETH J",,22-JUL-1957,F,108489297,,,11/123 PARK TCE,MORNINGTON,DUNEDIN 9011,0273442473,(03) 6117183,ELIZABETH16@GMAIL.COM,DOCT,FLETCHER BUILDING,B: 30-70K,10-JUN-2026,N,27-DEC-2025,M,N,CC|CHQ|MTG|PL,4,1720.1,510259.9,3,BR123,Y,N,A
00401840,RETAIL,"CAMPBELL, STEVE",,08-NOV-2000,M,131709043,,,174 KAURI AVE,ST CLAIR,DUNEDIN 9012,0225589574,(03) 4096139,,SELF,FLETCHER BUILDING,C: 70-120K,28-MAY-1999,Y,18-DEC-2023,L,N,MTG|PL|TD,4,2242.62,419558.05,2,BR137,N,N,D
00402369,RETAIL,"WANG, JESS",,25-MAY-1947,F,133825711,,,11 RANUI CRES,,WELLINGTON 6022,+64291741041,(04) 2519459,JESS74@GMAIL.COM,ELEC,SELF,D: 120K+,27-APR-1994,Y,13-NOV-2020,L,N,TD,3,1979.95,0.0,6,BR144,Y,N,A
00401450,RETAIL,"TAYLOR, TANE K",,15-JUL-1983,M,,,,157 KERERU CRES,NEWTOWN,WELLINGTON 6021,+64214380408,(04) 4011799,TANE27@XTRA.CO.NZ,ACCO,AIR NEW ZEALAND,B: 30-70K,10-FEB-2014,Y,17-SEP-2021,L,N,CC|TD,2,11045.17,0.0,2,BR142,Y,N,A
00401307,RETAIL,"CLARKE, CHARLTOTE P",,27-JUL-1979,F,,,,67 POHUTUKAWA ST,,WELLINGTON 6022,+64222725487,,,PUBL,TE WHATU ORA,D: 120K+,17-OCT-2021,N,06-MAY-2022,L,N,CHQ|INS|MTG|PL,1,11205.57,795253.04,4,BR131,N,N,A
00402081,RETAIL,"ROBINSON, JUN",,11-FEB-1949,M,118425144,,,216 MATAI CRES,OTUMOETAI,TAURANGA 3110,022-4924038,,,BUIL,FONTERRA,A: <30K,28-APR-1997,Y,13-SEP-2025,M,N,CHQ|TD,4,10112.37,0.0,6,BR114,Y,N,A
00400891,RETAIL,"WHITE, WIREMU",,07-MAR-1953,M,124254116,,,124 HARBOUR AVE,ROSLYN,DUNEDIN 9010,+64227937674,,,TRUC,COUNTDOWN,B: 30-70K,12-JUL-2014,Y,22-JUN-2021,M,N,INS|PL|TD,3,3477.08,0.0,1,BR119,Y,N,A
00400138,RETAIL,"ROSSI, KATE",,30-APR-1961,F,,,,194 TUI AVE,OTUMOETAI,TAURANGA 3110,,,KATE86@XTRA.CO.NZ,SELF,AIR NEW ZEALAND,A: <30K,22-AUG-1992,N,14-JUL-2018,M,N,PL,4,20966.75,0.0,2,BR105,N,N,D
00404230,CORP,,Pounamu Design Studio Ltd,,,138391328,4153354,,245 STATION TCE,CHARTWELL,HAMILTON 3210,(07) 5459272,0224219477,,,,,22-JUL-1992,N,13-MAR-2019,M,N,BCC|BCHQ|OD,5,355640.82,0,3,BR151,Y,N,A
00402399,RETAIL,"POHATU, ANANYA",,26-JUL-1991,F,135553453,,,107 TUI PL,MOUNT EDEN,AUCKLAND 1024,022-8671146,(03) 2329853,ANANYA68@GMAIL.COM,STUD,AIR NEW ZEALAND,A: <30K,30-DEC-1999,N,09-APR-2019,M,N,CHQ|PL|SAV,3,4359.04,0.0,3,BR139,Y,N,D
00403035,RETAIL,"CAMPBELL, LIAM G",,03-AUG-1944,M,137466376,,,5/10 KAURI DR,HILLCREST,HAMILTON 3216,0271711120,(07) 6009765,LIAM2@HOTMAIL.COM,UNEM,,B: 30-70K,30-APR-2004,Y,01-FEB-2023,M,N,CHQ|PL|TD,3,6207.33,0.0,5,BR119,N,Y,C
00402347,RETAIL,"MURRAY, HELEN",,14-MAY-1944,F,125541167,,,52 GREAT NORTH RD,KARORI,WELLINGTON 6012,021-6765585,,HELEN93@XTRA.CO.NZ,CHEF,SPARK,D: 120K+,06-NOV-2015,Y,12-APR-2025,L,N,CHQ|MTG|TD,1,1869.07,305880.32,2,BR140,N,N,A
00404469,CORP,,Takahē Logistics Ltd,,,115253326,6273586,,138 VICTORIA CRES,PAPAMOA,TAURANGA 3118,(07) 6969937,0214206330,,,,,21-SEP-1995,Y,28-DEC-2022,M,N,BCC|OD,1,26207.7,300000,3,BR104,Y,N,A
00404418,SME,,KARAKA ORGANICS LIMITED,,,133838277,8239231,,114 HARBOUR RD,OTUMOETAI,TAURANGA 3110,(07) 2655314,,,,,,01-JUN-2003,N,11-JAN-2019,L,N,EQF,2,633239.88,0,5,BR150,Y,N,A
00401777,RETAIL,"POHATU, MELE J",,26-SEP-2005,F,132981674,,,90 KAURI RD,OTUMOETAI,TAURANGA 3110,0216650940,(07) 9505997,MELE75@HOTMAIL.COM,SELF,AUCKLAND COUNCIL,C: 70-120K,02-MAY-2008,Y,15-MAR-2020,M,N,CHQ|PL|TD,2,41024.2,0.0,1,BR120,N,N,A
00404631,RETAIL,"POHATU, DAVID",,18-SEP-1946,M,,,,11/235 TOTARA TCE,MOUNT MAUNGANUI,TAURANGA 3116,0212266484,(07) 9929698,DAVID37@GMAIL.COM,BUIL,TE WHATU ORA,C: 70-120K,12-MAR-2010,Y,19-NOV-2018,L,N,SAV,1,19487.83,0.0,5,BR106,Y,N,A
00403846,RETAIL,"THOMPSON, RAWIRI K",,24-SEP-1990,M,128932923,,,10 MANUKA RD,ONEHUNGA,AUCKLAND 1061,+64228546810,,RAWIRI30@HOTMAIL.COM,DOCT,MINISTRY OF EDUCATION,A: <30K,21-MAY-2003,Y,23-OCT-2024,L,N,CHQ|TD,1,683.3,0.0,2,BR104,N,N,A
00400120,RETAIL,"YOUNG, ANANYA",,29-DEC-1968,F,127534627,,,26 KERERU AVE,MOUNT MAUNGANUI,TAURANGA 3116,+64216624993,(07) 2797477,ANANYA74@GMAIL.COM,CHEF,SPARK,B: 30-70K,30-MAY-1994,N,12-APR-2025,L,N,INS,3,1090.79,0.0,5,BR131,Y,N,A
00403169,RETAIL,"LI, OLIVER",,14-JUN-1971,M,107934245,,,40 ALBERT CRES,PAPAMOA,TAURANGA 3118,021-7340358,,,RETI,AUCKLAND COUNCIL,B: 30-70K,24-SEP-1988,Y,30-DEC-2022,H,N,CC|SAV,4,2581.22,0.0,5,BR117,Y,N,D
00404197,SME,,Tūī Brewing Collective Ltd,,,116153314,3670241,,179 HILL TCE,ONEHUNGA,AUCKLAND 1061,(09) 2204142,,,,,,13-FEB-2001,Y,10-NOV-2023,H,N,BCC|TD,1,140677.62,0,3,BR150,Y,N,A
00400917,RETAIL,"YOUNG, ZOE",,06-APR-1967,F,116693619,,,79 RANUI ST,MOUNT MAUNGANUI,TAURANGA 3116,027-2347463,(07) 7328909,ZOE39@HOTMAIL.COM,SALE,KENDRIX ENGINEERING LTD,B: 30-70K,13-FEB-2024,Y,27-OCT-2020,L,N,CC|INS|TD,2,7747.29,0.0,6,BR116,Y,N,A
00403204,RETAIL,"TAYLOR, ZOE",,23-AUG-1996,F,102440640,,,3/199 STATION DR,MOUNT MAUNGANUI,TAURANGA 3116,,,ZOE79@GMAIL.COM,CHEF,COUNTDOWN,C: 70-120K,23-JUN-1988,N,26-AUG-2023,M,N,CC|MTG|SAV|TD,1,4455.81,658099.1,6,BR137,Y,N,A
00401237,RETAIL,"WHITE, RICHARD M",,11-JUL-1998,M,117696984,,,11/121 NIKAU RD,MORNINGTON,DUNEDIN 9011,+64223448541,,RICHARD46@HOTMAIL.COM,BUIL,TE WHATU ORA,D: 120K+,23-FEB-1992,Y,14-OCT-2023,L,N,MTG|PL|SAV,4,33617.96,500606.04,4,BR113,Y,N,A
00400160,RETAIL,"HARRIS, RACHEL",,16-JUN-1948,F,,,,218 ALBERT ST,TAKAPUNA,AUCKLAND 0622,,(09) 2286854,,ENGI,KENDRIX ENGINEERING LTD,A: <30K,01-JAN-2020,Y,01-MAR-2018,L,N,PL|TD,1,8366.91,0.0,2,BR145,Y,N,A
00402502,RETAIL,"WALKER, NIKOLAI",,05-MAR-1998,M,111619889,,,212 BEACH CRES,HALSWELL,CHRISTCHURCH 8025,+64222342229,(03) 5054620,,ELEC,TE WHATU ORA,D: 120K+,15-NOV-1992,Y,15-SEP-2018,H,N,CC|SAV,4,18024.1,0.0,6,BR143,Y,N,A
00403219,RETAIL,"MARTIN, KIRI",,06-JUN-1998,F,128762886,,,5/14 HILL AVE,MOUNT MAUNGANUI,TAURANGA 3116,+64277403573,(07) 4019667,KIRI9@GMAIL.COM,SALE,TE WHATU ORA,C: 70-120K,04-AUG-1995,Y,21-JUL-2026,H,N,CC|CHQ|INS,1,9650.05,0.0,6,BR118,N,N,D
00402420,RETAIL,"CHEN, MELE",,24-APR-1981,F,127197529,,,48 CLYDE AVE,HILLCREST,HAMILTON 3216,0211022800,,MELE81@GMAIL.COM,ACCO,TE WHATU ORA,B: 30-70K,26-FEB-2018,Y,30-JUN-2020,M,N,INS|PL,1,8276.26,0.0,2,BR133,N,N,A
00403903,RETAIL,"WHITE, ROBERT",,23-MAY-1958,M,131678287,,,150 PARK PL,,DUNEDIN 9012,021-5653831,,,RETI,AIR NEW ZEALAND,B: 30-70K,25-JAN-2012,N,24-MAR-2022,H,N,INS|SAV,2,42792.21,0.0,4,BR135,N,N,A
00400665,RETAIL,"WILSON, MEI",,13-MAR-2005,F,123048146,,,7/187 QUEEN DR,HENDERSON,AUCKLAND 0612,0222655963,(09) 5995707,,SOFT,COUNTDOWN,C: 70-120K,29-MAY-2001,N,27-JUL-2020,M,N,MTG|TD,2,22822.45,373358.57,5,BR122,Y,N,D
00400252,RETAIL,"WANG, JEN",,09-MAR-1998,F,135329679,,,47 CHURCH TCE,ST CLAIR,DUNEDIN 9012,+64223234721,(03) 4007412,,TRUC,TE WHATU ORA,C: 70-120K,14-SEP-2015,Y,13-NOV-2022,M,N,CHQ|MTG|TD,3,15005.76,708694.65,2,BR126,N,N,A
00401503,RETAIL,"TIPENE, ANAHERA",,13-JUL-1986,F,130632214,,,4/220 MATAI RD,MORNINGTON,DUNEDIN 9011,0218572603,(07) 2595122,,DOCT,AUCKLAND COUNCIL,A: <30K,10-DEC-1989,Y,20-NOV-2024,L,N,INS|SAV,2,9936.6,0.0,1,BR124,N,N,A
00400645,RETAIL,"JOHANSSON, MOHAMMED",,05-AUG-1967,M,114294905,,,7/219 MARINE CRES,,WELLINGTON 6021,0229441559,,MOHAMMED66@XTRA.CO.NZ,PUBL,COUNTDOWN,C: 70-120K,24-SEP-2019,Y,01-JAN-2026,L,N,CHQ|PL,3,28152.41,0.0,6,BR121,Y,N,A
00403541,RETAIL,"SINGH, AMELIA J",,05-APR-1940,F,123332717,,,208 QUEEN TCE,,CHRISTCHURCH 8081,0279609952,(03) 9305378,,ELEC,AIR NEW ZEALAND,D: 120K+,16-OCT-2010,Y,08-NOV-2022,H,Y,INS|MTG|PL,4,3310.29,782522.56,1,BR103,Y,N,A
00401678,RETAIL,"MACLEOD, FIONA",,12-MAY-2000,F,138058793,,,6/101 GREAT NORTH RD,,CHRISTCHURCH 8081,029-7736972,,FIONA20@GMAIL.COM,PUBL,SOUTHERN CROSS FREIGHT LTD,C: 70-120K,18-NOV-2006,Y,15-OCT-2019,L,N,CHQ|PL,3,2487.32,0.0,3,BR104,N,N,D
00400827,RETAIL,"REID, JENNIFER A",,04-SEP-1969,F,125341510,,,78 MANUKA ST,,TAURANGA 3118,+64274146612,(03) 3243612,,ENGI,AIR NEW ZEALAND,B: 30-70K,16-MAR-1998,Y,28-DEC-2021,M,N,SAV,3,333776.6,0.0,3,BR118,N,N,D
00401922,RETAIL,"NGUYEN, ETHAN",,21-JAN-1958,M,139909783,,,82 KOWHAI RD,REMUERA,AUCKLAND 1050,+64212075716,(09) 2724907,ETHAN86@GMAIL.COM,RETA,TE WHATU ORA,A: <30K,11-SEP-2011,Y,23-FEB-2025,L,N,CC|INS|PL,3,11619.98,0.0,5,BR139,N,N,A
00400875,RETAIL,"STEWART, JACK",,14-MAR-2004,M,106923747,,,196 VICTORIA TCE,PAPANUI,CHRISTCHURCH 8053,,(03) 3046600,JACK89@XTRA.CO.NZ,ELEC,HARBOURVIEW AGED CARE LTD,D: 120K+,28-AUG-1996,Y,29-OCT-2019,L,N,CC|INS|MTG|SAV,1,134399.56,503606.74,6,BR112,N,N,D
00401912,RETAIL,"MITCHELL, JUN G",,20-JUN-1959,M,137829040,,,70 ALBERT DR,ONEHUNGA,AUCKLAND 1061,029-5839188,,JUN47@XTRA.CO.NZ,STUD,COUNTDOWN,B: 30-70K,25-OCT-1988,Y,28-APR-2022,L,N,CC|CHQ|TD,1,2218.41,0.0,5,BR160,Y,N,D
00402659,RETAIL,"LI, OLIVER",,03-MAR-2006,M,118485651,,,12/34 CLYDE ST,REMUERA,AUCKLAND 1050,0273061204,(09) 7045111,,CHEF,,B: 30-70K,08-JAN-2010,N,22-JUL-2019,M,N,CHQ|INS|PL,3,5902.01,0.0,1,BR108,N,N,A
00400358,RETAIL,"JOHANSSON, KIRI",,27-JUN-1997,F,108182204,,,94 NIKAU ST,FRANKTON,HAMILTON 3204,0298958579,,KIRI17@HOTMAIL.COM,NURS,,A: <30K,13-MAR-2008,Y,08-JAN-2018,L,N,MTG|PL|TD,2,2199.7,782067.11,2,BR158,Y,N,A
00400967,RETAIL,"FITZGERALD, ARJUN",,14-SEP-1969,M,134120186,,,202 GREAT NORTH DR,ST CLAIR,DUNEDIN 9012,+64272853699,(03) 2429680,ARJUN99@GMAIL.COM,TRUC,KENDRIX ENGINEERING LTD,D: 120K+,20-FEB-2004,Y,26-DEC-2022,M,N,MTG|SAV|TD,3,61089.53,147774.7,1,BR145,Y,N,A
00400859,RETAIL,"WHITE, LUCY J",,14-APR-1973,F,,,,137 KAURI ST,ST CLAIR,DUNEDIN 9012,+64278639606,,LUCY8@HOTMAIL.COM,ACCO,KENDRIX ENGINEERING LTD,B: 30-70K,14-OCT-2012,Y,20-MAR-2026,L,N,MTG|TD,2,17935.6,256401.53,2,BR150,N,N,A
00401975,RETAIL,"HARRIS, OLIVIA M",,22-JUN-2002,F,116432878,,,112 STATION TCE,CHARTWELL,HAMILTON 3210,+64296834953,(07) 3993295,,BUIL,FONTERRA,D: 120K+,24-JUN-2022,Y,19-AUG-2020,M,N,CC|PL|TD,3,1495.7,0.0,4,BR111,Y,N,A
00401697,RETAIL,"NGATA, JACK",,29-MAR-1995,M,133363730,,,165 BEACH DR,,DUNEDIN 9012,021-5121778,,JACK90@HOTMAIL.COM,DOCT,FONTERRA,B: 30-70K,13-MAR-2004,N,24-MAR-2018,M,N,INS|SAV,3,11843.87,0.0,5,BR121,N,N,D
00400609,RETAIL,"CLARKE, CHRISTOPHER",,28-MAR-1978,M,105679758,,,53 SEAVIEW PL,SUMNER,CHRISTCHURCH 8081,0296753912,,,UNEM,KENDRIX ENGINEERING LTD,C: 70-120K,10-FEB-2008,N,02-NOV-2022,H,N,CHQ|MTG|TD,3,6336.75,136133.32,5,BR144,N,N,A
00403611,RETAIL,"PARATA, OLIVER",,28-MAR-1944,M,113850550,,,116 PARK AVE,HALSWELL,CHRISTCHURCH 8025,,(03) 7437801,OLIVER68@GMAIL.COM,ELEC,SOUTHERN CROSS FREIGHT LTD,C: 70-120K,14-SEP-2006,N,13-APR-2018,M,N,INS|PL|SAV,1,31444.51,0.0,6,BR109,N,N,A
00402861,RETAIL,"TE RANGI, EMILY",,15-JAN-2000,F,106278977,,,172 SEAVIEW PL,NEWTOWN,WELLINGTON 6021,021-3393535,,EMILY54@XTRA.CO.NZ,SELF,SPARK,A: <30K,22-DEC-2015,Y,11-DEC-2022,L,N,SAV|TD,4,48482.79,0.0,1,BR128,N,N,A
00404139,SME,,Kowhai Physio Ltd,,,121410752,8555971,,206 RANUI PL,CHARTWELL,HAMILTON 3210,(07) 7775726,,,,,,09-AUG-2013,Y,09-JUL-2018,L,N,MERCH,4,208635.48,0,2,BR109,Y,N,A
00403504,RETAIL,"WANG, NOAH",,16-OCT-1989,M,112690238,,,16 MARINE RD,OTUMOETAI,TAURANGA 3110,022-3875993,,NOAH39@XTRA.CO.NZ,ELEC,SOUTHERN CROSS FREIGHT LTD,B: 30-70K,10-SEP-1992,Y,15-JUL-2024,L,N,CHQ|INS|MTG|SAV,1,46887.11,619404.13,4,BR140,Y,N,A
00403768,RETAIL,"VAN DER BERG, ANTHONY A",,03-NOV-2005,M,121200780,,,2/230 HILL PL,MERIVALE,CHRISTCHURCH 8014,027-8348220,(03) 7965818,ANTHONY71@HOTMAIL.COM,LAWY,FONTERRA,C: 70-120K,24-OCT-2017,Y,17-JAN-2022,L,N,INS,1,10140.16,0.0,2,BR113,Y,N,A
00401542,RETAIL,"HARRIS, AISHA P",,24-NOV-1991,F,,,,115 PARK TCE,MOUNT MAUNGANUI,TAURANGA 3116,+64213385304,(09) 2915277,AISHA32@XTRA.CO.NZ,SALE,HARBOURVIEW AGED CARE LTD,B: 30-70K,10-DEC-2000,Y,12-OCT-2022,L,N,INS|PL,2,10517.9,0.0,4,BR130,Y,N,A
00402858,RETAIL,"JOHANSSON, JUN L",,01-FEB-1981,M,126193572,,,168 NIKAU CRES,FRANKTON,HAMILTON 3204,0291114790,(07) 6939322,JUN30@GMAIL.COM,FARM,AIR NEW ZEALAND,B: 30-70K,02-OCT-2018,Y,28-DEC-2024,L,N,CC|TD,2,5896.42,0.0,1,BR111,N,N,A
00402190,RETAIL,"AHMED, EMILY",,04-AUG-1995,F,101180638,,,70 KERERU PL,CHARTWELL,HAMILTON 3210,0215844200,,,PUBL,AIR NEW ZEALAND,A: <30K,03-JAN-1997,Y,20-FEB-2025,L,N,PL|SAV|TD,2,14003.45,0.0,1,BR145,N,N,A
00400336,RETAIL,"MACLEOD, JESSICA P",,10-SEP-1948,F,,,,1/201 NIKAU CRES,ST CLAIR,DUNEDIN 9012,+64276766175,,,SALE,SOUTHERN CROSS FREIGHT LTD,C: 70-120K,30-AUG-1991,Y,05-OCT-2021,M,N,CHQ|PL,4,11232.49,0.0,4,BR128,N,N,A
00401589,RETAIL,"WHITE, BOB J",,24-FEB-1944,M,139037326,,,47 MATAI RD,,CHRISTCHURCH 8053,,,BOB7@GMAIL.COM,CHEF,AIR NEW ZEALAND,C: 70-120K,17-FEB-1999,Y,02-OCT-2021,M,N,CHQ|PL|SAV,2,3186.33,0.0,6,BR130,N,N,A
00402944,RETAIL,"VAN DER BERG, RICHARD",,29-DEC-1951,M,130635318,,,7/158 KAURI DR,HILLCREST,HAMILTON 3216,027-6703531,(07) 8467557,RICHARD87@GMAIL.COM,ACCO,MINISTRY OF EDUCATION,A: <30K,25-AUG-1991,Y,15-SEP-2019,M,N,INS,2,348.83,0.0,4,BR103,N,N,A
00404605,RETAIL,"AHMED, SAM P",,09-MAY-1944,M,,,,147 CHURCH RD,TAKAPUNA,AUCKLAND 0622,0229804415,,SAM80@HOTMAIL.COM,UNEM,FLETCHER BUILDING,B: 30-70K,15-MAY-1993,Y,02-DEC-2020,M,N,SAV,1,2284.91,0.0,5,BR117,N,N,A
00404533,RETAIL,"SCOTT, RAWIRI",,10-JUN-1949,M,,,,202 VICTORIA DR,KELBURN,WELLINGTON 6012,0276401448,(04) 8653000,,PUBL,FLETCHER BUILDING,A: <30K,27-OCT-2013,Y,12-MAY-2026,L,N,SAV,1,4193.4,704318.99,2,BR150,N,N,A
00401867,RETAIL,"MCDONALD, MELE",,08-AUG-1945,F,,,,11/74 NIKAU TCE,PAPAMOA,TAURANGA 3118,+64227900059,(07) 8827479,,RETI,SELF,B: 30-70K,31-AUG-1994,N,09-MAY-2019,M,N,CHQ|TD,4,3123.32,0.0,5,BR134,Y,N,D
00402770,RETAIL,"KENNEDY, LIAM P",,13-FEB-1999,M,125971209,,,165 RATA PL,HALSWELL,CHRISTCHURCH 8025,+64214393607,(03) 3556359,LIAM81@GMAIL.COM,FARM,COUNTDOWN,A: <30K,24-NOV-1999,Y,21-JUL-2019,L,N,INS|PL,4,31726.95,0.0,4,BR145,Y,N,A
00404189,SME,,NORTHCOTE BAKERY LTD,,,130727715,1558648,,68 STATION TCE,OTUMOETAI,TAURANGA 3110,(07) 2944440,0216732000,,,,,07-MAY-2000,N,23-OCT-2020,L,N,BSAV|EQF|MERCH,2,259948.68,300000,5,BR160,Y,N,A
00401600,RETAIL,"VAN DER BERG, LEILANI A",,24-JUN-1942,F,116565117,,,2/246 RIMU CRES,MORNINGTON,DUNEDIN 9011,0272041786,(03) 9008374,,DOCT,FONTERRA,C: 70-120K,30-MAR-1992,Y,13-JUN-2025,M,N,CC|CHQ|SAV,3,20219.34,0.0,6,BR115,N,Y,C
00402532,RETAIL,"MCDONALD, LUCA",,21-OCT-1978,M,125943521,,,10/203 PARK AVE,ROSLYN,DUNEDIN 9010,,(03) 2712197,,SOFT,AIR NEW ZEALAND,B: 30-70K,29-JAN-2022,Y,04-AUG-2024,L,N,CC|CHQ|MTG,1,25349.92,674771.44,1,BR138,N,N,A
00400846,RETAIL,"FALEOLO, SOPHIE",,29-JUN-1951,F,138594635,,,1/198 CLYDE PL,PAPAMOA,TAURANGA 3118,,(07) 8884117,,SALE,FONTERRA,A: <30K,16-SEP-2020,Y,02-JUL-2025,L,N,INS|MTG|SAV|TD,2,3819.85,412529.02,2,BR146,Y,N,A
00403002,RETAIL,"NGATA, RACHEL J",,05-AUG-1967,F,113096517,,,106 TOTARA RD,KELBURN,WELLINGTON 6012,0227059904,,RACHEL51@GMAIL.COM,TEAC,MINISTRY OF EDUCATION,C: 70-120K,18-MAR-2005,Y,27-JUL-2018,L,N,PL,1,17809.16,0.0,3,BR125,Y,N,A
00403868,RETAIL,"PATEL, CHRIS",,07-SEP-1988,M,,,,6/227 CLYDE DR,FRANKTON,HAMILTON 3204,029-7793392,(07) 4176069,,RETA,SOUTHERN CROSS FREIGHT LTD,D: 120K+,20-FEB-2023,Y,07-MAR-2018,L,N,CHQ|MTG|SAV,4,1820.74,730094.85,4,BR147,Y,N,A
00404214,CORP,,KEA COURIERS LIMITED,,,133207488,7375167,9429606993507,235 RATA RD,MOUNT EDEN,AUCKLAND 1024,(09) 6225982,,,,,,20-MAY-2015,Y,14-JUN-2023,M,N,BCC|BSAV|EQF,6,37265.1,80000,4,BR134,Y,N,A
00400409,RETAIL,"WILSON, XIN",,22-AUG-1947,F,,,,74 NIKAU AVE,OTUMOETAI,TAURANGA 3110,0211967499,(07) 8879228,XIN43@HOTMAIL.COM,UNEM,SOUTHERN CROSS FREIGHT LTD,D: 120K+,18-FEB-2023,Y,17-APR-2023,L,N,CC|INS|TD,3,4057.65,0.0,1,BR137,Y,N,A
00401953,RETAIL,"TIPENE, WIREMU",,18-JAN-1959,M,109877980,,,11/5 STATION RD,HILLCREST,HAMILTON 3216,029-4158164,(07) 2269826,WIREMU83@GMAIL.COM,TRUC,MINISTRY OF EDUCATION,D: 120K+,17-OCT-2011,Y,15-APR-2025,M,N,INS|MTG|SAV,1,7733.06,168027.56,2,BR108,N,N,A
00404180,CORP,,WAITEMATĀ MARINE SERVICES,,,136062383,8654365,,83 VICTORIA RD,ST CLAIR,DUNEDIN 9012,(03) 2613724,0226420117,,,,,28-JUN-2006,N,11-JAN-2023,L,N,EQF,3,129124.56,0,5,BR144,Y,N,A
00402453,RETAIL,"WILSON, AMELIA",,05-SEP-2001,F,124354133,,,148 QUEEN AVE,,AUCKLAND 0612,022-4457347,,AMELIA83@HOTMAIL.COM,ENGI,SELF,C: 70-120K,21-MAR-2005,Y,26-JUN-2021,L,N,CHQ,2,9261.22,0.0,3,BR148,N,N,A
00400987,RETAIL,"TAYLOR, BENJAMIN M",,30-DEC-1958,M,138029574,,,202 KAURI TCE,MOUNT EDEN,AUCKLAND 1024,0293633132,,,ENGI,KENDRIX ENGINEERING LTD,C: 70-120K,07-FEB-2010,Y,03-AUG-2023,M,N,SAV,1,18276.61,0.0,4,BR158,Y,Y,C
00400735,RETAIL,"FALEOLO, JOSH M",,25-DEC-2007,M,130382205,,,96 RANUI CRES,MORNINGTON,DUNEDIN 9011,+64291200138,,JOSH46@GMAIL.COM,BUIL,AIR NEW ZEALAND,D: 120K+,25-APR-1988,Y,27-OCT-2024,H,N,CC|INS|MTG|SAV,1,54814.1,495882.7,2,BR107,N,N,A
00402004,RETAIL,"WHITE, HANNAH",,30-MAY-1946,F,105709674,,,60 GREAT NORTH AVE,OTUMOETAI,TAURANGA 3110,022-6855133,(03) 9166254,,NURS,AUCKLAND COUNCIL,B: 30-70K,13-AUG-1994,N,23-JUN-2022,H,N,MTG|PL,1,841.85,474352.24,3,BR140,N,N,A
00401387,RETAIL,"PARATA, ARJUN",,09-APR-1955,M,123106244,,,241 TOTARA AVE,ST CLAIR,DUNEDIN 9012,021-7714191,,ARJUN80@GMAIL.COM,CHEF,SOUTHERN CROSS FREIGHT LTD,C: 70-120K,29-NOV-2007,Y,18-JUL-2026,L,N,INS,1,5272.11,0.0,1,BR142,N,N,A
00404209,SME,,Riverstone Veterinary Clinic Ltd,,,114918527,4957975,,18 TOTARA ST,PAPAMOA,TAURANGA 3118,(07) 5978085,,,,,,21-FEB-2009,N,26-FEB-2024,L,N,BCC|BCHQ|EQF|TD,5,155166.84,0,5,BR104,Y,N,A
00400110,RETAIL,"PARATA, SARAH",,17-JUN-1997,F,112594245,,,129 KAURI PL,JOHNSONVILLE,WELLINGTON 6037,+64279604936,(04) 4298820,SARAH11@XTRA.CO.NZ,ELEC,FONTERRA,B: 30-70K,05-DEC-2021,N,27-DEC-2025,M,N,SAV,1,3180.76,0.0,6,BR100,N,N,A
00402208,RETAIL,"FITZGERALD, JESSICA",,21-DEC-1997,F,122656063,,,224 KOWHAI PL,PAPANUI,CHRISTCHURCH 8053,021-5380889,(03) 6527858,,UNEM,HARBOURVIEW AGED CARE LTD,B: 30-70K,13-MAY-2025,N,07-JAN-2020,M,N,INS,2,97336.87,0.0,2,BR103,Y,N,A
00402486,RETAIL,"KENNEDY, MELE",,27-DEC-2002,F,107174802,,,12/151 HILL AVE,ST CLAIR,DUNEDIN 9012,,(03) 6595557,,RETA,FLETCHER BUILDING,C: 70-120K,15-JUN-1999,Y,29-APR-2025,L,N,PL|SAV|TD,4,25129.1,0.0,4,BR155,N,N,A
00404576,RETAIL,"TE RANGI, ISLA",,29-FEB-1956,F,,,,15 MARINE PL,REMUERA,AUCKLAND 1050,0276492030,,ISLA24@GMAIL.COM,LAWY,AUCKLAND COUNCIL,B: 30-70K,17-DEC-2003,N,29-SEP-2023,M,N,SAV,1,1786.14,806732.95,3,BR137,Y,N,A
00403753,RETAIL,"O'BRIEN,C ALLUM K",,13-SEP-1993,M,135966759,,,123 HARBOUR ST,MORNINGTON,DUNEDIN 9011,0271680442,,,STUD,SELF,A: <30K,09-JUL-2007,Y,19-JUN-2019,M,N,CC|CHQ|INS,2,88921.72,0.0,5,BR140,N,N,A
00401830,RETAIL,"ROBINSON, SUSAN",,11-JUL-1992,F,109606015,,,115 GREAT NORTH DR,RICCARTON,CHRISTCHURCH 8011,+64224098522,,SUSAN42@XTRA.CO.NZ,UNEM,FONTERRA,C: 70-120K,11-NOV-1990,N,14-MAY-2020,H,N,MTG|SAV,4,7400.61,796143.01,4,BR101,Y,N,A
00401352,RETAIL,"TE RANGI, RACHEL M",,22-MAR-1946,F,121903743,,,214 HARBOUR PL,PAPAMOA,TAURANGA 3118,+64217658740,,RACHEL20@XTRA.CO.NZ,DOCT,SELF,C: 70-120K,08-AUG-1994,Y,26-JAN-2021,L,N,PL,3,1882.01,0.0,3,BR148,Y,N,D
00403161,RETAIL,"HARRIS, NELL",,04-NOV-1942,F,117938822,,,1/54 STATION TCE,FRANKTON,HAMILTON 3204,021-6432851,(07) 8831683,NELL48@HOTMAIL.COM,NURS,AIR NEW ZEALAND,C: 70-120K,26-MAR-2023,N,21-OCT-2019,L,N,CHQ|PL|SAV,1,9288.55,0.0,2,BR112,Y,N,A
00404168,SME,,FERNBIRD SOFTWARE LIMITED,,,122179441,6188293,9429701455762,82 RIMU DR,ROSLYN,DUNEDIN 9010,(03) 3195632,0299290609,,,,,12-FEB-2023,Y,08-MAY-2024,L,N,BCC|MERCH|OD,1,144100.8,1500000,2,BR135,Y,N,A
00400031,RETAIL,"ANDERSON, MATEO",,04-MAR-1978,M,105397681,,,167 ALBERT DR,JOHNSONVILLE,WELLINGTON 6037,+64217226025,,MATEO88@HOTMAIL.COM,FARM,SPARK,B: 30-70K,28-JAN-1999,N,20-JUN-2026,M,N,CC|CHQ|MTG|SAV,2,5238.93,130860.93,3,BR101,Y,N,A
00403547,RETAIL,"JOHANSSON, ANDREW J",,10-AUG-2007,M,113525640,,,106 NIKAU PL,MOUNT MAUNGANUI,TAURANGA 3116,+64222097761,,,LAWY,FLETCHER BUILDING,A: <30K,09-OCT-2023,N,25-AUG-2020,L,Y,CC|MTG,3,8697.09,189208.92,5,BR150,Y,N,A
00402322,RETAIL,"SMITH, MEI",,18-NOV-2005,F,118924001,,,101 RANUI RD,HENDERSON,AUCKLAND 0612,022-3004688,(09) 7722007,,LAWY,AUCKLAND COUNCIL,A: <30K,04-SEP-2019,N,24-NOV-2018,L,N,TD,1,6889.68,0.0,1,BR144,N,N,A
00402704,RETAIL,"FITZGERALD, ZOE",,08-JUN-1953,F,130824184,,,198 TOTARA TCE,,TAURANGA 3116,027-4533558,(07) 5718647,,LAWY,,A: <30K,13-SEP-2021,Y,27-DEC-2019,H,N,CHQ,3,6326.13,0.0,2,BR143,N,N,D
00400590,RETAIL,"ANDERSON, JAMES",,14-DEC-2005,M,135524895,,,20 HILL ST,ROSLYN,DUNEDIN 9010,+64211114313,,JAMES49@GMAIL.COM,ACCO,KENDRIX ENGINEERING LTD,D: 120K+,27-JAN-1998,Y,24-JAN-2019,L,N,CHQ|MTG|TD,4,3334.29,823041.36,1,BR156,N,N,A
00402777,RETAIL,"SCOTT, ARJUN",,21-JUL-1961,M,125422562,,,140 KERERU RD,CHARTWELL,HAMILTON 3210,+64293709219,(07) 5775396,ARJUN22@HOTMAIL.COM,UNEM,FONTERRA,B: 30-70K,28-SEP-2013,N,10-NOV-2022,M,N,CC|INS|TD,2,3914.35,0.0,5,BR135,Y,N,A
00400288,RETAIL,"LI, SINOE J",,25-OCT-1992,M,106020145,,,140 RATA DR,ONEHUNGA,AUCKLAND 1061,0227662516,(09) 5528570,,ACCO,TE WHATU ORA,A: <30K,29-APR-2002,Y,20-OCT-2023,L,N,CC|MTG|SAV,1,2213.41,166942.02,2,BR137,N,N,A
00403833,RETAIL,"ZHANG, REBECCA G",,08-MAY-1964,F,122665561,,,65 POHUTUKAWA RD,MIRAMAR,WELLINGTON 6022,022-9159202,(07) 5173352,,ELEC,AUCKLAND COUNCIL,D: 120K+,26-SEP-2000,Y,12-APR-2021,M,N,CHQ|INS|SAV,4,5918.83,0.0,1,BR139,Y,N,A
00402434,RETAIL,"KENNEDY, KIRI",,13-JUN-1976,F,134627851,,,25 POHUTUKAWA CRES,,AUCKLAND 1011,021-4092345,(07) 9262121,KIRI11@HOTMAIL.COM,PUBL,AUCKLAND COUNCIL,D: 120K+,23-DEC-1992,Y,07-JUN-2021,L,N,CC|CHQ|MTG,2,9465.22,209026.33,5,BR102,Y,N,A
00401350,RETAIL,"JOHANSSON, RUBY M",,29-SEP-1993,F,101362760,,,225 PARK DR,,TAURANGA 3116,0229699699,,,SELF,SOUTHERN CROSS FREIGHT LTD,D: 120K+,13-NOV-2006,Y,02-MAR-2019,L,N,INS,2,9930.26,0.0,6,BR115,Y,N,A
00401208,RETAIL,"CAMPBELL, TANE A",,26-JUL-1971,M,125898424,,,13 RANUI RD,OTUMOETAI,TAURANGA 3110,+64216314193,(07) 8301440,TANE39@HOTMAIL.COM,ENGI,MINISTRY OF EDUCATION,C: 70-120K,28-JUN-2009,Y,28-OCT-2025,L,N,CC|CHQ|SAV,1,42263.24,0.0,3,BR104,N,N,A
00403693,RETAIL,"YOUNG, JOSHUA L",,29-MAR-1978,M,108695004,,,4/174 KAURI AVE,OTUMOETAI,TAURANGA 3110,022-6238566,(07) 4913770,,BUIL,MINISTRY OF EDUCATION,A: <30K,15-APR-2020,Y,09-AUG-2021,H,N,CHQ|PL|TD,2,46954.67,0.0,1,BR110,N,N,A
00403378,RETAIL,"TAYLOR, TEVITA",,09-MAY-1942,M,107627631,,,18 QUEEN AVE,MERIVALE,CHRISTCHURCH 8014,029-8241382,(03) 4012199,,CHEF,SOUTHERN CROSS FREIGHT LTD,B: 30-70K,21-JUL-2004,Y,01-OCT-2025,L,N,CHQ|SAV|TD,3,11199.84,0.0,3,BR143,N,N,A
00404236,SME,,Cascade Irrigation Ltd,,,131165065,6499462,9429207279115,240 PARK AVE,FRANKTON,HAMILTON 3204,(07) 9995676,0297653196,,,,,09-APR-2008,N,26-FEB-2026,H,N,BCHQ|TD,6,73915.62,80000,5,BR154,Y,N,A
00402267,RETAIL,"MCDONALD, EMILY A",,14-FEB-1997,F,119675686,,,72 VICTORIA ST,MOUNT EDEN,AUCKLAND 1024,022-7494617,,EMILY73@XTRA.CO.NZ,CHEF,AUCKLAND COUNCIL,C: 70-120K,09-JAN-2019,Y,10-AUG-2020,M,N,MTG|PL,2,13463.96,309774.8,1,BR149,Y,N,A
00403731,RETAIL,"TE RANGI, GRACE",,16-JAN-1946,F,135531719,,,152 KAURI DR,PONSONBY,AUCKLAND 1011,021-2311298,,GRACE15@GMAIL.COM,TRUC,COUNTDOWN,B: 30-70K,29-MAY-2024,Y,15-FEB-2019,L,N,CC|MTG|PL|SAV,2,3764.29,592890.05,2,BR152,Y,N,A
00404116,CORP,,MOANA DENTAL GROUP LIMITED,,,101102958,8518327,,140 HILL CRES,PONSONBY,AUCKLAND 1011,(09) 6838432,,,,,,14-AUG-2024,N,15-OCT-2020,L,N,EQF,4,101412.96,0,2,BR112,Y,N,A
00400446,RETAIL,"TUILAGI, OLIVER",,15-AUG-1966,M,114729362,,,80 POHUTUKAWA ST,PAPANUI,CHRISTCHURCH 8053,022-2593675,(03) 2124074,OLIVER28@XTRA.CO.NZ,UNEM,HARBOURVIEW AGED CARE LTD,B: 30-70K,24-DEC-2011,N,02-NOV-2025,M,N,CHQ|INS|SAV,1,6107.12,0.0,6,BR110,Y,N,A
00403511,RETAIL,"SMITH, FIONA",,31-JAN-1958,F,,,,215 QUEEN DR,REMUERA,AUCKLAND 1050,+64278919637,(09) 3804693,FIONA45@GMAIL.COM,CHEF,KENDRIX ENGINEERING LTD,A: <30K,29-OCT-2010,Y,02-AUG-2021,L,N,CC|MTG|SAV,4,31117.98,377081.86,3,BR136,Y,N,A
00402030,RETAIL,"FONOTI, HELEN",,06-MAR-1953,F,,,,188 TOTARA PL,HENDERSON,AUCKLAND 0612,027-4233849,(09) 6287403,HELEN78@GMAIL.COM,STUD,KENDRIX ENGINEERING LTD,C: 70-120K,10-AUG-1994,Y,02-SEP-2023,L,N,CHQ|SAV|TD,2,2754.5,0.0,5,BR139,N,N,A
00403233,RETAIL,"WILLIAMS, LOSA",,30-MAY-1955,F,117381540,,,222 MATAI DR,MOUNT MAUNGANUI,TAURANGA 3116,+64227499053,,,BUIL,SELF,B: 30-70K,25-APR-2000,Y,22-AUG-2018,L,N,CC|CHQ|MTG,1,13947.77,563309.33,2,BR117,Y,N,A
00402970,RETAIL,"CHEN, MERE",,24-AUG-1988,F,,,,11/70 QUEEN RD,CHARTWELL,HAMILTON 3210,021-3630705,,MERE51@HOTMAIL.COM,ELEC,SOUTHERN CROSS FREIGHT LTD,A: <30K,01-DEC-2003,Y,14-JUL-2021,M,N,CC|MTG,1,6191.1,178837.72,3,BR105,N,N,A
00403428,RETAIL,"WHITE, ANANYA A",,20-APR-1982,F,122876233,,,123 CLYDE DR,ROSLYN,DUNEDIN 9010,0292582173,(03) 9873153,ANANYA37@XTRA.CO.NZ,RETI,AIR NEW ZEALAND,B: 30-70K,20-FEB-1999,N,16-MAR-2024,M,N,MTG|TD,3,11350.04,182931.07,3,BR141,N,N,A
00401135,RETAIL,"JOHANSSON, PRIYA",,09-DEC-1991,F,133939968,,,133 VICTORIA RD,ST CLAIR,DUNEDIN 9012,0292719438,,,STUD,FONTERRA,C: 70-120K,28-FEB-2017,Y,24-OCT-2021,L,N,CC|INS|TD,3,40785.33,0.0,5,BR117,N,N,A
00402560,RETAIL,"MARTIN, LUCY",,20-MAR-1977,F,,,,8/223 NIKAU ST,ROSLYN,DUNEDIN 9010,029-3344532,(03) 8867467,,RETI,SELF,B: 30-70K,14-MAR-1988,Y,09-DEC-2018,M,N,CC|TD,1,2663.14,0.0,1,BR121,Y,N,A
00401882,RETAIL,"WALKER, OLIVER",,14-MAR-1996,M,126146612,,,135 RANUI PL,MOUNT MAUNGANUI,TAURANGA 3116,022-5984804,,,STUD,FONTERRA,A: <30K,28-AUG-2010,Y,16-JUL-2020,L,N,CC|MTG|SAV,1,16823.72,597864.03,1,BR136,N,N,A
00403347,RETAIL,"HARRIS, ETHAN",,19-JAN-1987,M,116654547,,,9 MANUKA ST,HILLCREST,HAMILTON 3216,+64292011280,(07) 5353093,ETHAN92@GMAIL.COM,UNEM,SPARK,A: <30K,12-JUL-2005,Y,15-OCT-2018,L,N,CHQ|MTG|PL|TD,2,19989.7,709876.19,4,BR105,N,N,D
00404014,SME,,TASMAN VINEYARDS LTD,,,135450288,5263148,9429879540300,90 TUI RD,ROSLYN,DUNEDIN 9010,(03) 2613089,0276116457,,,,,03-APR-2005,Y,23-MAY-2019,M,N,BCC,3,98609.64,0,5,BR131,Y,N,A
00401998,RETAIL,"KENNEDY, MERE J",,08-JUN-2005,F,128045276,,,203 RATA ST,SUMNER,CHRISTCHURCH 8081,+64214952861,,,TEAC,FONTERRA,A: <30K,18-SEP-1990,Y,07-AUG-2025,H,N,CC|INS,4,8214.72,0.0,5,BR130,N,N,A
00401538,RETAIL,"ROSSI, ANTHONY",,10-FEB-1969,M,111579024,,,186 KAURI AVE,,DUNEDIN 9012,0228604107,,,PUBL,SELF,B: 30-70K,03-MAR-2002,N,03-JUL-2020,M,N,MTG|PL,1,87145.43,473836.98,4,BR112,N,N,A
00401087,RETAIL,"ZHANG, MOHAMMED",,08-APR-1970,M,114900615,,,217 RANUI CRES,MOUNT MAUNGANUI,TAURANGA 3116,0226009898,(07) 3542053,MOHAMMED70@XTRA.CO.NZ,STUD,FLETCHER BUILDING,B: 30-70K,24-JAN-1989,N,22-DEC-2023,H,N,INS|MTG|SAV|TD,1,4292.51,144092.64,4,BR159,Y,N,A
00402830,RETAIL,"SCOTT, MEI",,01-DEC-1990,F,139822644,,,231 VICTORIA PL,RICCARTON,CHRISTCHURCH 8011,029-7403706,(03) 8389398,MEI20@XTRA.CO.NZ,FARM,SELF,D: 120K+,21-MAY-2011,N,02-NOV-2022,H,N,CHQ|INS|TD,2,3368.43,0.0,5,BR131,N,N,A
00402569,RETAIL,"CHEN, NAMOI M",,03-JUL-1975,F,109430222,,,226 RATA AVE,,DUNEDIN 9010,+64222799952,(07) 2224134,,SALE,FLETCHER BUILDING,B: 30-70K,21-OCT-2003,Y,02-OCT-2022,L,N,CC|PL|SAV,1,18397.87,0.0,6,BR101,N,N,D
00403639,RETAIL,"REID, TANE M",,29-AUG-1956,M,115074105,,,48 HILL TCE,RICCARTON,CHRISTCHURCH 8011,021-8901323,(03) 8936176,,NURS,TE WHATU ORA,A: <30K,16-AUG-2007,Y,14-JUL-2021,L,N,INS|TD,3,36085.17,0.0,1,BR116,Y,N,A
00400368,RETAIL,"CAMPBELL, MARGARET",,06-AUG-1954,F,108557312,,,2 CLYDE DR,OTUMOETAI,TAURANGA 3110,+64278920343,,MARGARET17@HOTMAIL.COM,BUIL,SPARK,B: 30-70K,11-APR-1995,N,22-JAN-2022,M,N,TD,1,4661.68,0.0,6,BR147,N,N,A
00404122,SME,,RURU ACCOUNTING LIMITED,,,117630673,7532093,9429693873071,182 GREAT NORTH RD,KARORI,WELLINGTON 6012,(04) 5578501,027-1511949,,,,,17-SEP-1990,N,11-OCT-2022,H,N,BCHQ|BSAV|MERCH|TD,2,24060.78,0,5,BR160,Y,N,A
00403834,RETAIL,"CAMPBEL,L JEN J",,12-NOV-1997,F,126927908,,,35 NIKAU TCE,CHARTWELL,HAMILTON 3210,,(07) 4577447,,ENGI,FONTERRA,D: 120K+,11-JUL-2017,N,31-MAY-2026,L,N,CC,1,3816.86,0.0,5,BR105,N,N,D
00401029,RETAIL,"WANG, XIN",,21-MAY-1971,F,129643391,,,1/103 POHUTUKAWA AVE,,WELLINGTON 6021,029-6081876,,XIN35@GMAIL.COM,NURS,COUNTDOWN,A: <30K,11-JUL-2017,Y,06-AUG-2026,L,N,MTG|PL|TD,4,33601.35,254632.88,6,BR157,Y,N,A
00401788,RETAIL,"MACLEOD, CHRISTOPHER",,11-SEP-1940,M,103793780,,,70 QUEEN DR,,CHRISTCHURCH 8014,0221964406,,CHRISTOPHER93@XTRA.CO.NZ,NURS,SOUTHERN CROSS FREIGHT LTD,D: 120K+,06-JUN-2019,Y,19-JUN-2026,M,N,CC|MTG|PL,4,1790.99,717822.3,2,BR105,Y,N,D
00402878,RETAIL,"SMITH, SOPHIE",,09-JUN-1966,F,107962125,,,14 BEACH RD,SUMNER,CHRISTCHURCH 8081,0226264350,(07) 3077504,SOPHIE52@GMAIL.COM,STUD,AIR NEW ZEALAND,A: <30K,22-AUG-2003,N,05-AUG-2022,L,N,INS,1,132684.48,0.0,2,BR143,Y,N,D
00400642,RETAIL,"WILSON, ANNA",,26-APR-1996,F,110669780,,,39 BEACH AVE,FRANKTON,HAMILTON 3204,029-7273153,(07) 9064242,ANNA1@GMAIL.COM,ELEC,SELF,B: 30-70K,30-MAY-2008,Y,13-AUG-2020,L,N,INS|PL|TD,3,15149.32,0.0,2,BR114,N,N,A
00402372,RETAIL,"REID, AROHA",,30-SEP-1986,F,,,,246 QUEEN TCE,MERIVALE,CHRISTCHURCH 8014,+64224925137,,,RETI,FONTERRA,D: 120K+,16-FEB-2011,Y,20-NOV-2025,L,N,SAV,4,4100.19,0.0,5,BR107,N,N,A
00403803,RETAIL,"MACLEOD, ANNA",,29-JUN-1984,F,,,,155 POHUTUKAWA DR,JOHNSONVILLE,WELLINGTON 6037,+64276814084,,,TRUC,,B: 30-70K,18-MAR-1992,Y,28-FEB-2024,L,N,CHQ|TD,1,94269.61,0.0,2,BR111,N,N,A
00401278,RETAIL,"TE RANGI, JEN J",,29-MAR-1994,F,118506340,,,44 MATAI TCE,CHARTWELL,HAMILTON 3210,0228741319,,JEN53@HOTMAIL.COM,SELF,COUNTDOWN,B: 30-70K,17-SEP-2015,Y,17-NOV-2020,M,N,CC|TD,1,37440.19,0.0,5,BR115,Y,N,A
00403929,RETAIL,"JOHANSSON, JUN",,13-MAR-1960,M,102476164,,,207 BEACH PL,HENDERSON,AUCKLAND 0612,021-8270731,,,FARM,MINISTRY OF EDUCATION,B: 30-70K,03-SEP-2008,Y,07-APR-2026,L,N,CC|INS|PL,3,7888.75,0.0,1,BR124,Y,N,A
00403853,RETAIL,"O'BRIEN, ETHAN",,21-SEP-1944,M,127972106,,,5/160 MATAI PL,PAPATOETOE,AUCKLAND 2025,+64293540259,(07) 8249648,ETHAN48@HOTMAIL.COM,SALE,MINISTRY OF EDUCATION,A: <30K,20-MAR-2013,Y,04-SEP-2019,L,N,CHQ|TD,2,81891.16,0.0,3,BR102,N,N,A
00403931,RETAIL,"MURRAY, CALLUM",,24-MAY-1963,M,115837715,,,224 HARBOUR CRES,REMUERA,AUCKLAND 1050,0221951889,,CALLUM14@GMAIL.COM,PUBL,COUNTDOWN,B: 30-70K,27-JUN-2020,Y,01-FEB-2025,L,N,PL,4,8936.85,0.0,5,BR140,N,N,A
00403461,RETAIL,"WILSON, JESS",,11-JUL-1965,F,101554431,,,20 HARBOUR AVE,ST CLAIR,DUNEDIN 9012,0216138028,(03) 4176538,,SOFT,,C: 70-120K,30-MAY-1990,Y,25-DEC-2023,L,N,CC|MTG,4,663.5,561210.54,2,BR107,Y,N,A
00402108,RETAIL,"CLARKE, TONY",,22-JUN-1979,M,,,,82 HILL TCE,MOUNT MAUNGANUI,TAURANGA 3116,+64279647322,(07) 2725946,TONY58@HOTMAIL.COM,SALE,COUNTDOWN,C: 70-120K,18-NOV-2011,N,04-JUN-2021,M,N,INS|MTG,1,20001.84,168484.58,5,BR128,Y,N,A
00404206,CORP,,Highland Property Management Ltd,,,,6331191,,18 KAURI ST,FRANKTON,HAMILTON 3204,(07) 4553067,,,,,,30-JUL-1996,N,21-OCT-2018,H,N,TD,6,63252.78,1500000,2,BR148,Y,N,A
00403999,SME,,Pukeko Transport Ltd,,,100752993,8242398,9429390891758,128 NIKAU RD,MOUNT MAUNGANUI,TAURANGA 3116,(07) 2596377,,,,,,01-NOV-2018,N,09-NOV-2020,L,N,BCHQ|EQF|TD,2,263678.34,0,3,BR120,Y,N,A
00403548,RETAIL,"SINGH, ELIZABETH P",,05-FEB-1961,F,103764476,,,3 NIKAU ST,CHARTWELL,HAMILTON 3210,022-1286745,(04) 8499915,,SELF,SOUTHERN CROSS FREIGHT LTD,A: <30K,17-JAN-1992,Y,20-APR-2020,H,N,CC|CHQ|INS,4,3697.47,0.0,3,BR118,Y,N,A
00401298,RETAIL,"BROWN, ANTHONY",,16-OCT-1955,M,114450199,,,155 HILL TCE,FRANKTON,HAMILTON 3204,+64214184162,,,BUIL,MINISTRY OF EDUCATION,A: <30K,12-FEB-2012,Y,31-AUG-2024,H,N,PL,2,242.0,0.0,1,BR160,N,N,A
00401947,RETAIL,"TE RANGI, MATEO",,29-MAY-2004,M,101189306,,,112 MANUKA PL,FRANKTON,HAMILTON 3204,022-5565366,,,SOFT,AUCKLAND COUNCIL,B: 30-70K,16-NOV-2015,Y,18-JUL-2024,L,N,CHQ|PL,2,2760.48,0.0,2,BR114,N,N,A
00402572,RETAIL,"PARATA, PETER",,28-FEB-1994,M,123068843,,,5/73 CLYDE ST,,WELLINGTON 6021,+64279957698,,PETER8@XTRA.CO.NZ,SELF,,B: 30-70K,27-MAY-2014,Y,24-AUG-2023,H,N,CC|SAV,3,17805.1,0.0,4,BR123,N,N,A
00400416,RETAIL,"CAMPBELL, IWLLIAM",,25-JUL-2000,M,,,,188 MARINE CRES,HALSWELL,CHRISTCHURCH 8025,021-1837735,,,SELF,,B: 30-70K,09-SEP-2001,Y,02-NOV-2019,L,N,SAV|TD,2,2655.62,0.0,4,BR109,Y,N,A
00402125,RETAIL,"O'BRIEN, PETER L",,10-NOV-1974,M,123716993,,,7/188 VICTORIA TCE,PAPANUI,CHRISTCHURCH 8053,0272934658,(03) 4063607,,FARM,,D: 120K+,23-DEC-2016,N,23-JUL-2025,M,N,CC|TD,4,15172.07,0.0,2,BR117,N,N,A
00402144,RETAIL,"SMITH, HELEN",,26-DEC-1942,F,123072290,,,127 STATION PL,MIRAMAR,WELLINGTON 6022,,,,LAWY,HARBOURVIEW AGED CARE LTD,C: 70-120K,29-DEC-1991,N,06-SEP-2018,L,Y,INS,2,14874.29,0.0,4,BR117,N,N,D
00400272,RETAIL,"ANDERSON, HANNAH J",,11-SEP-1967,F,133500222,,,82 NIKAU PL,NEWTOWN,WELLINGTON 6021,,,HANNAH48@XTRA.CO.NZ,UNEM,AIR NEW ZEALAND,A: <30K,21-JAN-2019,Y,21-MAY-2026,L,N,SAV,4,4097.28,0.0,1,BR146,N,N,A
00400523,RETAIL,"TIPENE, SAMUEL J",,27-DEC-1980,M,100318736,,,135 CLYDE CRES,,WELLINGTON 6021,0297073450,(04) 6727254,SAMUEL67@GMAIL.COM,BUIL,MINISTRY OF EDUCATION,D: 120K+,26-DEC-2003,N,23-AUG-2018,M,N,CC|TD,4,452.52,0.0,6,BR152,N,N,D
00401423,RETAIL,"CHEN, TONY",,12-FEB-1995,M,107928211,,,10/168 STATION RD,HALSWELL,CHRISTCHURCH 8025,0272305138,(03) 2891958,,STUD,MINISTRY OF EDUCATION,D: 120K+,29-NOV-1991,Y,26-NOV-2025,L,N,PL|SAV|TD,1,25124.07,0.0,5,BR102,N,N,A
00403993,SME,,KAURI JOINERY,,,114099168,5562595,,72 TUI TCE,CHARTWELL,HAMILTON 3210,(07) 5079757,,,,,,21-DEC-2023,Y,25-NOV-2023,M,N,BSAV|EQF|MERCH|OD,5,43098.54,0,3,BR128,Y,N,A
00401654,RETAIL,"WALKER, NAOMI",,06-OCT-1976,F,138930034,,,36 KAURI AVE,HILLCREST,HAMILTON 3216,+64217010679,(07) 2117759,NAOMI32@HOTMAIL.COM,NURS,TE WHATU ORA,B: 30-70K,22-NOV-2022,Y,05-AUG-2019,L,N,INS|MTG|PL,2,6227.26,401663.77,2,BR145,N,N,A
00404384,SME,,KAHA FITNESS,,,132306328,6751647,,23 TUI PL,RICCARTON,CHRISTCHURCH 8011,(03) 2734172,,,,,,06-APR-2004,N,31-MAY-2018,H,N,BCHQ,4,6455.4,300000,2,BR126,Y,N,A
00400489,RETAIL,"MACLEOD, AISHA L",,29-NOV-1998,F,117121944,,,4/116 MATAI DR,REMUERA,AUCKLAND 1050,+64216237303,,AISHA29@XTRA.CO.NZ,TEAC,TE WHATU ORA,A: <30K,08-DEC-2002,N,04-JUN-2021,H,N,CHQ|PL|SAV,3,3543.18,0.0,1,BR148,N,N,A
00401331,RETAIL,"LI, EMILY",,05-APR-1968,F,107277817,,,30 RANUI PL,KARORI,WELLINGTON 6012,0225575198,,EMILY93@GMAIL.COM,STUD,HARBOURVIEW AGED CARE LTD,B: 30-70K,29-DEC-1993,N,20-SEP-2023,L,N,MTG|PL,4,7737.78,458189.86,4,BR110,Y,N,A
00401890,RETAIL,"TUHIWAI, SOPHIE",,10-DEC-1969,F,121868566,,,156 HARBOUR TCE,MIRAMAR,WELLINGTON 6022,+64275685708,(04) 8765764,,RETI,KENDRIX ENGINEERING LTD,C: 70-120K,31-MAR-2021,Y,24-FEB-2022,L,N,SAV,1,72235.77,0.0,1,BR145,N,N,A
00401023,RETAIL,"TIPENE, ZOE",,04-SEP-1984,F,127165264,,,44 MATAI ST,MOUNT EDEN,AUCKLAND 1024,027-5367785,,ZOE91@XTRA.CO.NZ,RETI,COUNTDOWN,A: <30K,06-JAN-2022,Y,13-JUN-2026,L,N,CC,1,25512.84,0.0,4,BR154,N,N,A
00404259,CORP,,Whitebait Creek Holdings Ltd,,,103165640,5172470,,81 HARBOUR DR,ST CLAIR,DUNEDIN 9012,(03) 8961672,027-5456258,,,,,06-NOV-2001,Y,02-JUL-2023,L,N,BCHQ|BSAV|EQF|MERCH,6,54677.7,1500000,3,BR131,Y,N,A
00403198,RETAIL,"KIM, VICKY",,19-AUG-1965,F,111881667,,,143 KAURI RD,SUMNER,CHRISTCHURCH 8081,021-6531933,(03) 8577108,VICKY52@HOTMAIL.COM,SELF,AIR NEW ZEALAND,A: <30K,28-NOV-2002,N,06-JUN-2022,H,N,MTG|PL|TD,4,2345.9,479766.36,3,BR108,N,N,A
00401518,RETAIL,"FITZGERALD, AISHA",,03-DEC-1964,F,130147776,,,52 TOTARA CRES,PAPAMOA,TAURANGA 3118,+64271715822,(07) 9995001,,TRUC,MINISTRY OF EDUCATION,D: 120K+,12-FEB-2001,Y,16-MAY-2024,L,N,INS|MTG,4,2139.1,791437.24,2,BR128,Y,N,A
00404421,SME,,SOUTHERN LIGHTS ELECTRICAL LTD,,,110347190,4793375,9429362879381,77 RATA ST,KELBURN,WELLINGTON 6012,(04) 7978785,022-7391596,,,,,07-APR-2009,Y,01-DEC-2023,M,N,BCC|EQF|TD,4,112358.52,300000,2,BR100,Y,N,A
00403046,RETAIL,"VAN DER BERG, HEMI",,06-DEC-1960,M,134689185,,,97 TOTARA AVE,MOUNT EDEN,AUCKLAND 1024,+64272669395,(09) 6319904,,CHEF,AIR NEW ZEALAND,A: <30K,08-MAY-1996,Y,13-DEC-2025,M,N,CHQ|MTG|SAV,3,43551.19,578294.71,5,BR130,N,N,A
00403099,RETAIL,"REID, MEI M",,12-OCT-2006,F,121636847,,,49 QUEEN AVE,,DUNEDIN 9011,0293233205,,,ELEC,KENDRIX ENGINEERING LTD,C: 70-120K,13-FEB-1995,Y,14-DEC-2019,L,N,CC|INS,2,8494.51,0.0,1,BR145,Y,N,A
00403289,RETAIL,"TUHIWAI, VICTORIA",,26-MAY-1984,F,109831560,,,10 ALBERT AVE,,AUCKLAND 1011,029-7979922,(09) 8907149,VICTORIA43@GMAIL.COM,DOCT,SELF,D: 120K+,31-OCT-2012,Y,01-SEP-2018,L,N,CHQ|INS,3,22889.09,0.0,5,BR116,Y,N,A
00400040,RETAIL,"TE RANGI, AISHA A",,20-NOV-1954,F,123930825,,,211 TOTARA CRES,,CHRISTCHURCH 8081,0278386995,,AISHA85@GMAIL.COM,UNEM,AUCKLAND COUNCIL,A: <30K,02-MAY-2002,Y,04-DEC-2023,L,N,CC|CHQ|SAV,1,11133.6,0.0,3,BR104,N,N,D
00402739,RETAIL,"KENNEDY, TONY",,30-MAY-1981,M,122295992,,,2/156 GREAT NORTH DR,KARORI,WELLINGTON 6012,0213245231,,TONY36@XTRA.CO.NZ,CHEF,COUNTDOWN,C: 70-120K,14-MAR-2013,Y,06-FEB-2018,L,N,INS,4,5265.31,0.0,1,BR114,N,N,A
00402193,RETAIL,"KIM, ANDREW",,09-SEP-1954,M,119625538,,,167 PARK AVE,MOUNT MAUNGANUI,TAURANGA 3116,+64214914649,,,ACCO,TE WHATU ORA,B: 30-70K,24-APR-2021,N,27-MAR-2021,H,N,CHQ|PL,1,30413.41,0.0,4,BR135,Y,N,A
